ISO-10303-21;
HEADER;
FILE_DESCRIPTION (( 'STEP AP203' ),
    '1' );
FILE_NAME ('97590A711_NO THREADS_Adhesive-Ready Studs.STEP',
    '2026-01-09T00:28:10',
    ( 'McMaster Carr Supply' ),
    ( 'McMaster Carr Supply' ),
    'SwSTEP 2.0',
    'SolidWorks 2024',
    '' );
FILE_SCHEMA (( 'CONFIG_CONTROL_DESIGN' ));
ENDSEC;

DATA;
#1 = ORIENTED_EDGE ( 'NONE', *, *, #1829, .T. ) ;
#2 = VERTEX_POINT ( 'NONE', #243 ) ;
#3 = AXIS2_PLACEMENT_3D ( 'NONE', #1974, #1739, #1011 ) ;
#4 = ORIENTED_EDGE ( 'NONE', *, *, #2196, .T. ) ;
#5 = EDGE_CURVE ( 'NONE', #1194, #1014, #1204, .T. ) ;
#6 = CARTESIAN_POINT ( 'NONE',  ( 0.000000000000000000, -3.800000000000004707, 0.000000000000000000 ) ) ;
#7 = VECTOR ( 'NONE', #557, 1000.000000000000000 ) ;
#8 = DIRECTION ( 'NONE',  ( -0.000000000000000000, 1.000000000000000000, -0.000000000000000000 ) ) ;
#9 = CIRCLE ( 'NONE', #467, 2.000000000000000000 ) ;
#10 = FACE_OUTER_BOUND ( 'NONE', #1661, .T. ) ;
#11 = CARTESIAN_POINT ( 'NONE',  ( 1.849205412993985689E-12, -6.053627900680564444, 0.5061949162853747186 ) ) ;
#12 = CARTESIAN_POINT ( 'NONE',  ( 0.000000000000000000, -4.050000000000005151, 0.000000000000000000 ) ) ;
#13 = CARTESIAN_POINT ( 'NONE',  ( -1.028196236133927410, -4.612499999999997158, -5.793750000000001066 ) ) ;
#14 = EDGE_CURVE ( 'NONE', #1397, #1003, #687, .T. ) ;
#15 = CARTESIAN_POINT ( 'NONE',  ( 3.999994874941708467, -4.499925091794157339, 3.149702797404943855 ) ) ;
#16 = CARTESIAN_POINT ( 'NONE',  ( -4.702203041341596723, -4.459607149451291441, 1.698696810104989519 ) ) ;
#17 = CARTESIAN_POINT ( 'NONE',  ( 0.8708698240989681816, -6.069939759036143911, 0.04219775066143265085 ) ) ;
#18 = CARTESIAN_POINT ( 'NONE',  ( 0.2724967853617044633, -6.015364375461058621, -0.5296319383290942762 ) ) ;
#19 = AXIS2_PLACEMENT_3D ( 'NONE', #2763, #2052, #2550 ) ;
#20 = ORIENTED_EDGE ( 'NONE', *, *, #2152, .T. ) ;
#21 = CIRCLE ( 'NONE', #1646, 1.704376718921020828 ) ;
#22 = VERTEX_POINT ( 'NONE', #2925 ) ;
#23 = ORIENTED_EDGE ( 'NONE', *, *, #1467, .F. ) ;
#24 = AXIS2_PLACEMENT_3D ( 'NONE', #1582, #353, #2487 ) ;
#25 = ORIENTED_EDGE ( 'NONE', *, *, #1999, .T. ) ;
#26 = DIRECTION ( 'NONE',  ( -0.7064085813077812803, 0.7078042923398581987, 0.000000000000000000 ) ) ;
#27 = CARTESIAN_POINT ( 'NONE',  ( -1.145928480742407718, -4.648513594646405345, -4.992765526260577680 ) ) ;
#28 = CIRCLE ( 'NONE', #2668, 2.500000000000000000 ) ;
#29 = DIRECTION ( 'NONE',  ( -0.000000000000000000, 1.000000000000000000, -0.000000000000000000 ) ) ;
#30 = CARTESIAN_POINT ( 'NONE',  ( -4.125000000000003553, -4.999999999999999112, -7.144709581221615480 ) ) ;
#31 = CARTESIAN_POINT ( 'NONE',  ( 4.915101742381820848, -4.871893742949144013, 0.9175246204101628056 ) ) ;
#32 = CARTESIAN_POINT ( 'NONE',  ( 0.000000000000000000, -6.199999999999997513, 0.000000000000000000 ) ) ;
#33 = CARTESIAN_POINT ( 'NONE',  ( 3.469302546512245566, -4.744110833560773344, 3.617756986846062617 ) ) ;
#34 = CARTESIAN_POINT ( 'NONE',  ( -4.535780146505827837, -4.343907492987346686, 2.103017128369971456 ) ) ;
#35 = CARTESIAN_POINT ( 'NONE',  ( -5.017534683176119614, -6.993749999999997691, 2.896874999999953904 ) ) ;
#36 = ADVANCED_FACE ( 'NONE', ( #2472 ), #2210, .F. ) ;
#37 = DIRECTION ( 'NONE',  ( -0.6052458656529250414, 0.6040523883867553456, -0.5184574757820530344 ) ) ;
#38 = ORIENTED_EDGE ( 'NONE', *, *, #2389, .F. ) ;
#39 = ADVANCED_FACE ( 'NONE', ( #482 ), #1755, .F. ) ;
#40 = ORIENTED_EDGE ( 'NONE', *, *, #1441, .T. ) ;
#41 = DIRECTION ( 'NONE',  ( -0.8660254037844440367, 0.000000000000000000, 0.4999999999999906741 ) ) ;
#42 = CARTESIAN_POINT ( 'NONE',  ( -6.424669474880654541, -4.971993016631442330, 3.709284650776637715 ) ) ;
#43 = DIRECTION ( 'NONE',  ( 0.000000000000000000, 0.000000000000000000, 1.000000000000000000 ) ) ;
#44 = DIRECTION ( 'NONE',  ( 0.000000000000000000, 0.000000000000000000, 1.000000000000000000 ) ) ;
#45 = CARTESIAN_POINT ( 'NONE',  ( 4.758585355108373882, -4.501654084007690848, 1.899933117555688833 ) ) ;
#46 = CARTESIAN_POINT ( 'NONE',  ( 5.017534683176079646, -6.993749999999997691, 2.896875000000024514 ) ) ;
#47 = ORIENTED_EDGE ( 'NONE', *, *, #2096, .F. ) ;
#48 = CARTESIAN_POINT ( 'NONE',  ( -4.416080984946322729, -4.338415905110749371, 2.377259840044327444 ) ) ;
#49 = FACE_OUTER_BOUND ( 'NONE', #1142, .T. ) ;
#50 = CARTESIAN_POINT ( 'NONE',  ( 5.017534683176079646, -6.069939759036143911, 2.896875000000024514 ) ) ;
#51 = CARTESIAN_POINT ( 'NONE',  ( -0.6719226345208186846, -6.117823731281059274, -0.2007170985050125978 ) ) ;
#52 = ORIENTED_EDGE ( 'NONE', *, *, #392, .T. ) ;
#53 = EDGE_CURVE ( 'NONE', #2339, #1838, #2107, .T. ) ;
#54 = ORIENTED_EDGE ( 'NONE', *, *, #3114, .T. ) ;
#55 = DIRECTION ( 'NONE',  ( -0.000000000000000000, 1.000000000000000000, -0.000000000000000000 ) ) ;
#56 = AXIS2_PLACEMENT_3D ( 'NONE', #1111, #2289, #2530 ) ;
#57 = PERSON_AND_ORGANIZATION ( #1932, #84 ) ;
#58 = DIRECTION ( 'NONE',  ( 0.000000000000000000, -1.000000000000000000, 0.000000000000000000 ) ) ;
#59 = CIRCLE ( 'NONE', #3004, 0.1269999999999996410 ) ;
#60 = DIRECTION ( 'NONE',  ( 0.000000000000000000, 0.000000000000000000, 1.000000000000000000 ) ) ;
#61 = CARTESIAN_POINT ( 'NONE',  ( 4.824163198167994437, -4.612072705715575260, 1.460426313030086520 ) ) ;
#62 = DIRECTION ( 'NONE',  ( -0.000000000000000000, 1.000000000000000000, -0.000000000000000000 ) ) ;
#63 = VECTOR ( 'NONE', #972, 999.9999999999998863 ) ;
#64 = VERTEX_POINT ( 'NONE', #17 ) ;
#65 = CARTESIAN_POINT ( 'NONE',  ( -4.859709304125350293, -4.656462768304345801, 1.496508067830363498 ) ) ;
#66 = DIRECTION ( 'NONE',  ( -1.090233653488793226E-14, -0.000000000000000000, -1.000000000000000000 ) ) ;
#67 = DIRECTION ( 'NONE',  ( -0.000000000000000000, 1.000000000000000000, -0.000000000000000000 ) ) ;
#68 = CARTESIAN_POINT ( 'NONE',  ( -1.137921132697379711, -6.199999999999997513, -0.5302794739511290656 ) ) ;
#69 = ORIENTED_EDGE ( 'NONE', *, *, #3093, .T. ) ;
#70 =( BOUNDED_SURFACE ( )  B_SPLINE_SURFACE ( 3, 2, ( 
 ( #1610, #2618, #440 ),
 ( #2569, #1416, #649 ),
 ( #3101, #2379, #2836 ),
 ( #941, #732, #2462 ),
 ( #2917, #2667, #2413 ),
 ( #2396, #1720, #1955 ),
 ( #1260, #491, #1936 ),
 ( #973, #1734, #2443 ),
 ( #2695, #2183, #1497 ),
 ( #764, #282, #27 ),
 ( #1667, #2631, #750 ),
 ( #1920, #1468, #2648 ) ),
 .UNSPECIFIED., .F., .F., .T. ) 
 B_SPLINE_SURFACE_WITH_KNOTS ( ( 4, 2, 2, 2, 2, 4 ),
 ( 3, 3 ),
 ( 0.0008810008129500685381, 0.001810627481100431828, 0.002740254149250795010, 0.003205067483325976709, 0.003669880817401158409, 0.004599507485551521807 ),
 ( 0.000000000000000000, 1.000000000000000000 ),
 .UNSPECIFIED. ) 
 GEOMETRIC_REPRESENTATION_ITEM ( )  RATIONAL_B_SPLINE_SURFACE ( (
 ( 1.000000000000000000, 0.7772538932071199058, 1.000000000000000000),
 ( 1.000000000000000000, 0.7586590145015833508, 1.000000000000000000),
 ( 1.000000000000000000, 0.7410713904332919544, 1.000000000000000000),
 ( 1.000000000000000000, 0.7149723373472771648, 1.000000000000000000),
 ( 1.000000000000000000, 0.7070977883352732585, 1.000000000000000000),
 ( 1.000000000000000000, 0.7071112898839377880, 1.000000000000000000),
 ( 1.000000000000000000, 0.7089783595889831425, 1.000000000000000000),
 ( 1.000000000000000000, 0.7160894424129600200, 1.000000000000000000),
 ( 1.000000000000000000, 0.7214104613544696232, 1.000000000000000000),
 ( 1.000000000000000000, 0.7409175228270687974, 1.000000000000000000),
 ( 1.000000000000000000, 0.7587515781784833768, 1.000000000000000000),
 ( 1.000000000000000000, 0.7772538932071194617, 1.000000000000000000) ) ) 
 REPRESENTATION_ITEM ( '' )  SURFACE ( )  );
#71 = AXIS2_PLACEMENT_3D ( 'NONE', #3059, #455, #3086 ) ;
#72 = EDGE_LOOP ( 'NONE', ( #553, #953, #2500, #233 ) ) ;
#73 = AXIS2_PLACEMENT_3D ( 'NONE', #1548, #2497, #1358 ) ;
#74 = VERTEX_POINT ( 'NONE', #2224 ) ;
#75 = CARTESIAN_POINT ( 'NONE',  ( -1.704376718921021050, -4.872999999999998444, 0.000000000000000000 ) ) ;
#76 = ADVANCED_FACE ( 'NONE', ( #49 ), #2275, .F. ) ;
#78 = AXIS2_PLACEMENT_3D ( 'NONE', #611, #369, #1348 ) ;
#77 = B_SPLINE_CURVE_WITH_KNOTS ( 'NONE', 3,
 ( #2559, #1350, #599, #2323 ),
 .UNSPECIFIED., .F., .F.,
 ( 4, 4 ),
 ( 3.452076620843884442E-15, 0.0009520349762471968375 ),
 .UNSPECIFIED. ) ;
#79 = CARTESIAN_POINT ( 'NONE',  ( -1.232300841642019125E-16, -5.987500000000001599, -5.793750000000001066 ) ) ;
#80 = AXIS2_PLACEMENT_3D ( 'NONE', #1404, #2854, #960 ) ;
#81 = CARTESIAN_POINT ( 'NONE',  ( -4.125000000000003553, -6.199999999999997513, -9.644709581221615480 ) ) ;
#82 = CARTESIAN_POINT ( 'NONE',  ( 4.804998593274758534, -4.551102395550307378, 1.766852819607943381 ) ) ;
#83 = CARTESIAN_POINT ( 'NONE',  ( -3.905200899146728855, -4.380716599136913914, 3.125717587862244073 ) ) ;
#84 = ORGANIZATION ( 'UNSPECIFIED', 'UNSPECIFIED', '' ) ;
#85 = CARTESIAN_POINT ( 'NONE',  ( -4.774147942192080940, -4.548461727987532122, 1.757600597693498523 ) ) ;
#86 = DIRECTION ( 'NONE',  ( -0.000000000000000000, 1.000000000000000000, -0.000000000000000000 ) ) ;
#87 = SPHERICAL_SURFACE ( 'NONE', #1131, 0.1270000000000000018 ) ;
#88 = SPHERICAL_SURFACE ( 'NONE', #2707, 2.593749999999996447 ) ;
#89 = EDGE_LOOP ( 'NONE', ( #1620, #2070, #645, #1575, #1541, #1210, #2030 ) ) ;
#90 = ORIENTED_EDGE ( 'NONE', *, *, #1922, .T. ) ;
#91 = ORIENTED_EDGE ( 'NONE', *, *, #693, .T. ) ;
#92 = EDGE_CURVE ( 'NONE', #1511, #1221, #2670, .T. ) ;
#93 = APPROVAL_STATUS ( 'not_yet_approved' ) ;
#94 = CARTESIAN_POINT ( 'NONE',  ( 5.689527451737101060, -6.069939759036143911, 3.745449382533449612 ) ) ;
#95 = DIRECTION ( 'NONE',  ( 1.000000000000000000, 0.000000000000000000, 0.000000000000000000 ) ) ;
#96 = CARTESIAN_POINT ( 'NONE',  ( 4.484683260382189118, -4.399971067957156201, 2.419301586527167647 ) ) ;
#97 = CARTESIAN_POINT ( 'NONE',  ( -4.475372782116481041, -4.286276055286033504, 2.234613237824870868 ) ) ;
#98 = EDGE_CURVE ( 'NONE', #1730, #3025, #2464, .T. ) ;
#99 = DIRECTION ( 'NONE',  ( 0.4999999999999917288, 0.000000000000000000, 0.8660254037844434816 ) ) ;
#100 = CARTESIAN_POINT ( 'NONE',  ( -8.249999999999998224, -6.199999999999997513, 8.673617379884035472E-16 ) ) ;
#101 = CARTESIAN_POINT ( 'NONE',  ( 0.000000000000000000, -6.993749999999997691, -6.799999999999997158 ) ) ;
#102 = ORIENTED_EDGE ( 'NONE', *, *, #974, .T. ) ;
#103 = ORIENTED_EDGE ( 'NONE', *, *, #800, .T. ) ;
#104 = ORIENTED_EDGE ( 'NONE', *, *, #53, .F. ) ;
#105 = PERSON_AND_ORGANIZATION ( #1932, #84 ) ;
#106 = CARTESIAN_POINT ( 'NONE',  ( -8.249999999999998224, -4.999999999999999112, 2.500000000000000888 ) ) ;
#107 = CARTESIAN_POINT ( 'NONE',  ( -0.8708698241046385347, -6.069939759036143911, 0.04219775066469566571 ) ) ;
#108 = CARTESIAN_POINT ( 'NONE',  ( 4.405988655450691738, -4.271367125608525050, 2.368655889807524950 ) ) ;
#109 = AXIS2_PLACEMENT_3D ( 'NONE', #2086, #3046, #1845 ) ;
#110 = LINE ( 'NONE', #3017, #1205 ) ;
#111 = AXIS2_PLACEMENT_3D ( 'NONE', #1075, #2764, #851 ) ;
#112 = ORIENTED_EDGE ( 'NONE', *, *, #1498, .F. ) ;
#113 = CARTESIAN_POINT ( 'NONE',  ( -4.911568115634447729, -4.895035220138839627, 0.9347082492697207368 ) ) ;
#114 = CARTESIAN_POINT ( 'NONE',  ( 8.249999999999998224, -6.199999999999997513, 2.500000000000000444 ) ) ;
#115 = AXIS2_PLACEMENT_3D ( 'NONE', #2709, #763, #1998 ) ;
#116 = EDGE_CURVE ( 'NONE', #1086, #2470, #947, .T. ) ;
#117 = CARTESIAN_POINT ( 'NONE',  ( 0.000000000000000000, -6.993749999999997691, -5.793750000000001066 ) ) ;
#118 = CIRCLE ( 'NONE', #2144, 1.509999999999997788 ) ;
#119 = VERTEX_POINT ( 'NONE', #1050 ) ;
#120 = VERTEX_POINT ( 'NONE', #1067 ) ;
#121 = ORIENTED_EDGE ( 'NONE', *, *, #53, .T. ) ;
#122 = ORIENTED_EDGE ( 'NONE', *, *, #841, .F. ) ;
#123 =( NAMED_UNIT ( * ) PLANE_ANGLE_UNIT ( ) SI_UNIT ( $, .RADIAN. ) );
#124 = CIRCLE ( 'NONE', #2303, 2.499999999999999556 ) ;
#125 = DIRECTION ( 'NONE',  ( 0.000000000000000000, 0.000000000000000000, -1.000000000000000000 ) ) ;
#126 = ORIENTED_EDGE ( 'NONE', *, *, #1716, .F. ) ;
#127 = CARTESIAN_POINT ( 'NONE',  ( -8.239936510889835276E-15, -6.161276393412896901, 0.7032306876153899822 ) ) ;
#128 = CARTESIAN_POINT ( 'NONE',  ( 4.229419025220980011, -4.398641331359281814, 2.781160366546280294 ) ) ;
#129 = DIRECTION ( 'NONE',  ( 0.000000000000000000, 1.000000000000000000, 0.000000000000000000 ) ) ;
#130 = DIRECTION ( 'NONE',  ( -0.000000000000000000, -0.000000000000000000, 1.000000000000000000 ) ) ;
#131 = DIRECTION ( 'NONE',  ( 0.000000000000000000, -1.000000000000000000, 0.000000000000000000 ) ) ;
#132 = DIRECTION ( 'NONE',  ( 0.000000000000000000, 1.000000000000000000, 0.000000000000000000 ) ) ;
#133 = EDGE_CURVE ( 'NONE', #981, #451, #549, .T. ) ;
#134 = LOCAL_TIME ( 18, 28, 10.00000000000000000, #3011 ) ;
#135 = EDGE_CURVE ( 'NONE', #1732, #2180, #2025, .T. ) ;
#136 = DIRECTION ( 'NONE',  ( 0.000000000000000000, -1.000000000000000000, 0.000000000000000000 ) ) ;
#137 = VERTEX_POINT ( 'NONE', #598 ) ;
#138 = EDGE_CURVE ( 'NONE', #3036, #1868, #1102, .T. ) ;
#139 = ORIENTED_EDGE ( 'NONE', *, *, #92, .F. ) ;
#140 = EDGE_CURVE ( 'NONE', #1616, #2758, #2038, .T. ) ;
#141 = CARTESIAN_POINT ( 'NONE',  ( 0.000000000000000000, 6.199999999999997513, 0.000000000000000000 ) ) ;
#142 = ORIENTED_EDGE ( 'NONE', *, *, #2402, .F. ) ;
#143 = CARTESIAN_POINT ( 'NONE',  ( -0.6090156401957292909, -6.161276393412897789, -0.3516153438077000426 ) ) ;
#144 = DIRECTION ( 'NONE',  ( 0.000000000000000000, 0.000000000000000000, 1.000000000000000000 ) ) ;
#145 = CARTESIAN_POINT ( 'NONE',  ( -4.826062570998008283, -4.645147309824765536, 1.306073269346687438 ) ) ;
#146 = DIRECTION ( 'NONE',  ( 1.000000000000000000, 0.000000000000000000, -1.224646799147353207E-16 ) ) ;
#147 = DIRECTION ( 'NONE',  ( -0.4999999999999916733, 0.000000000000000000, -0.8660254037844432595 ) ) ;
#148 = CYLINDRICAL_SURFACE ( 'NONE', #777, 2.500000000000000444 ) ;
#149 = VERTEX_POINT ( 'NONE', #2529 ) ;
#150 = ORIENTED_EDGE ( 'NONE', *, *, #2942, .T. ) ;
#151 = EDGE_CURVE ( 'NONE', #2167, #2315, #1452, .T. ) ;
#152 = B_SPLINE_CURVE_WITH_KNOTS ( 'NONE', 3,
 ( #320, #2515, #608, #2273, #1107, #338 ),
 .UNSPECIFIED., .F., .F.,
 ( 4, 2, 4 ),
 ( 0.000000000000000000, 0.0009220818864619819951, 0.001844163772923963990 ),
 .UNSPECIFIED. ) ;
#153 = CARTESIAN_POINT ( 'NONE',  ( 0.5949231059259257881, -6.015364375460728219, 0.02882683059154123040 ) ) ;
#154 = EDGE_LOOP ( 'NONE', ( #644, #1191 ) ) ;
#155 = DIRECTION ( 'NONE',  ( -0.000000000000000000, 1.000000000000000000, -0.000000000000000000 ) ) ;
#156 = CARTESIAN_POINT ( 'NONE',  ( -3.375181751210884595, -4.971993016631442330, 3.824841814898168213 ) ) ;
#157 = DIRECTION ( 'NONE',  ( 0.5000000000000037748, 0.000000000000000000, -0.8660254037844364872 ) ) ;
#158 = DIRECTION ( 'NONE',  ( 0.5000000000000017764, 0.000000000000000000, -0.8660254037844374864 ) ) ;
#159 = CYLINDRICAL_SURFACE ( 'NONE', #2007, 0.1269999999999999185 ) ;
#160 = CARTESIAN_POINT ( 'NONE',  ( 0.3003575742043324559, -5.987500000000001599, 0.01455374118465589846 ) ) ;
#161 = VECTOR ( 'NONE', #3005, 1000.000000000000000 ) ;
#162 = CARTESIAN_POINT ( 'NONE',  ( 0.000000000000000000, 5.709999999999997300, 0.000000000000000000 ) ) ;
#163 = VERTEX_POINT ( 'NONE', #2736 ) ;
#164 = AXIS2_PLACEMENT_3D ( 'NONE', #1347, #2769, #1330 ) ;
#165 = CIRCLE ( 'NONE', #1039, 11.37299999999995492 ) ;
#166 = ORIENTED_EDGE ( 'NONE', *, *, #1464, .T. ) ;
#167 = AXIS2_PLACEMENT_3D ( 'NONE', #823, #340, #2807 ) ;
#168 = DIRECTION ( 'NONE',  ( 0.000000000000000000, 0.000000000000000000, 1.000000000000000000 ) ) ;
#169 = EDGE_LOOP ( 'NONE', ( #2829, #2706 ) ) ;
#170 = EDGE_CURVE ( 'NONE', #2, #2137, #2357, .T. ) ;
#171 = DIRECTION ( 'NONE',  ( 0.000000000000000000, -1.000000000000000000, 0.000000000000000000 ) ) ;
#172 = AXIS2_PLACEMENT_3D ( 'NONE', #782, #1750, #2172 ) ;
#173 = CARTESIAN_POINT ( 'NONE',  ( 8.249999999999998224, -6.199999999999997513, 3.980102097228919925E-16 ) ) ;
#174 = DIRECTION ( 'NONE',  ( 0.000000000000000000, 0.000000000000000000, 1.000000000000000000 ) ) ;
#175 = CONICAL_SURFACE ( 'NONE', #534, 1.509999999999997788, 0.7853981633974504994 ) ;
#176 = CARTESIAN_POINT ( 'NONE',  ( -0.8521883594605176304, -4.872999999999998444, 1.476033536204370167 ) ) ;
#177 = SPHERICAL_SURFACE ( 'NONE', #1306, 0.1270000000000000018 ) ;
#178 = CARTESIAN_POINT ( 'NONE',  ( 0.000000000000000000, -4.400000000000001243, -5.793750000000001066 ) ) ;
#179 = CIRCLE ( 'NONE', #1254, 1.006249999999995870 ) ;
#180 = EDGE_CURVE ( 'NONE', #2016, #2566, #2409, .T. ) ;
#181 = CARTESIAN_POINT ( 'NONE',  ( -3.725054344327208611, -4.647130368080308216, 3.470567132640418606 ) ) ;
#182 = EDGE_LOOP ( 'NONE', ( #2265, #1354, #2088, #1535 ) ) ;
#183 = AXIS2_PLACEMENT_3D ( 'NONE', #2428, #2682, #1970 ) ;
#184 = EDGE_LOOP ( 'NONE', ( #1444, #1495, #1675 ) ) ;
#185 = ORIENTED_EDGE ( 'NONE', *, *, #1926, .F. ) ;
#186 = CARTESIAN_POINT ( 'NONE',  ( 0.000000000000000000, -6.993749999999997691, -5.793750000000001066 ) ) ;
#187 = ORIENTED_EDGE ( 'NONE', *, *, #698, .T. ) ;
#188 = CARTESIAN_POINT ( 'NONE',  ( -5.017534683176119614, -6.993749999999997691, 2.896874999999953904 ) ) ;
#189 = PLANE ( 'NONE',  #2013 ) ;
#190 = FACE_OUTER_BOUND ( 'NONE', #2788, .T. ) ;
#191 = CARTESIAN_POINT ( 'NONE',  ( -5.017534683176119614, -6.993749999999997691, 2.896874999999953904 ) ) ;
#192 = DIRECTION ( 'NONE',  ( -0.4999999999999919509, 0.000000000000000000, -0.8660254037844432595 ) ) ;
#193 = ADVANCED_FACE ( 'NONE', ( #1554 ), #2781, .T. ) ;
#194 = CARTESIAN_POINT ( 'NONE',  ( -3.489879338903508987, -4.754001491564147308, 3.630841461047253027 ) ) ;
#195 = ORIENTED_EDGE ( 'NONE', *, *, #1132, .F. ) ;
#196 = ORIENTED_EDGE ( 'NONE', *, *, #1040, .T. ) ;
#197 = CARTESIAN_POINT ( 'NONE',  ( 5.017534683176079646, -6.993749999999997691, 2.896875000000024514 ) ) ;
#198 = ORIENTED_EDGE ( 'NONE', *, *, #2880, .T. ) ;
#199 = CARTESIAN_POINT ( 'NONE',  ( 5.000001052764237564, -4.971993016631442330, 1.010572231489166972 ) ) ;
#200 = CARTESIAN_POINT ( 'NONE',  ( -1.704376718921021050, -4.872999999999998444, -5.793750000000001066 ) ) ;
#201 = CARTESIAN_POINT ( 'NONE',  ( 5.017534683176079646, -4.400000000000001243, 2.896875000000024514 ) ) ;
#202 = DIRECTION ( 'NONE',  ( 0.000000000000000000, 0.000000000000000000, 1.000000000000000000 ) ) ;
#203 = CARTESIAN_POINT ( 'NONE',  ( 0.7706956125423013448, -6.199999999999948663, -0.5759839776564434910 ) ) ;
#204 = CARTESIAN_POINT ( 'NONE',  ( 0.6090156401957166343, -6.161276393412891572, -0.3516153438076921600 ) ) ;
#205 = EDGE_CURVE ( 'NONE', #1086, #710, #2811, .T. ) ;
#206 = CARTESIAN_POINT ( 'NONE',  ( 3.818406601868967076, -4.596998364180907792, 3.361763403628609037 ) ) ;
#207 = CARTESIAN_POINT ( 'NONE',  ( -4.024683022848794423, -4.501654084007690848, 3.171089244822582920 ) ) ;
#208 = ORIENTED_EDGE ( 'NONE', *, *, #863, .F. ) ;
#209 = EDGE_CURVE ( 'NONE', #1003, #741, #2710, .T. ) ;
#210 = AXIS2_PLACEMENT_3D ( 'NONE', #978, #1725, #220 ) ;
#211 = ORIENTED_EDGE ( 'NONE', *, *, #609, .F. ) ;
#212 = CIRCLE ( 'NONE', #3096, 0.1269999999999999463 ) ;
#213 = CARTESIAN_POINT ( 'NONE',  ( -0.8841645639097966969, -6.199999999999997513, -0.3794499886278633327 ) ) ;
#214 = ORIENTED_EDGE ( 'NONE', *, *, #2023, .F. ) ;
#215 = DIRECTION ( 'NONE',  ( 0.5000000000000084377, 0.000000000000000000, -0.8660254037844338226 ) ) ;
#216 = CARTESIAN_POINT ( 'NONE',  ( 5.017534683176079646, -6.199999999999997513, 2.896875000000024514 ) ) ;
#217 = FACE_OUTER_BOUND ( 'NONE', #2110, .T. ) ;
#218 = DIRECTION ( 'NONE',  ( 0.000000000000000000, 0.000000000000000000, 1.000000000000000000 ) ) ;
#219 = AXIS2_PLACEMENT_3D ( 'NONE', #2602, #427, #1165 ) ;
#220 = DIRECTION ( 'NONE',  ( -0.5000000000000038858, 0.000000000000000000, 0.8660254037844363761 ) ) ;
#221 = AXIS2_PLACEMENT_3D ( 'NONE', #2002, #2997, #379 ) ;
#222 = B_SPLINE_CURVE_WITH_KNOTS ( 'NONE', 3,
 ( #507, #2669, #1483, #1499, #492, #2429 ),
 .UNSPECIFIED., .F., .F.,
 ( 4, 2, 4 ),
 ( 1.626529118497240646E-18, 0.0001658057505025101435, 0.0003316115010050186608 ),
 .UNSPECIFIED. ) ;
#223 = CARTESIAN_POINT ( 'NONE',  ( 3.637889382253724602, -4.572048843221376835, 3.432199138034542685 ) ) ;
#224 = CARTESIAN_POINT ( 'NONE',  ( -3.880694949921669856, -4.535377650108913805, 3.241045265039947498 ) ) ;
#225 = ORIENTED_EDGE ( 'NONE', *, *, #1168, .F. ) ;
#226 = AXIS2_PLACEMENT_3D ( 'NONE', #2793, #925, #624 ) ;
#227 = EDGE_CURVE ( 'NONE', #796, #614, #1850, .T. ) ;
#228 = AXIS2_PLACEMENT_3D ( 'NONE', #12, #494, #1737 ) ;
#229 = EDGE_LOOP ( 'NONE', ( #590, #52, #1385, #814 ) ) ;
#230 = LOCAL_TIME ( 18, 28, 10.00000000000000000, #2268 ) ;
#231 = ADVANCED_FACE ( 'NONE', ( #789 ), #2204, .T. ) ;
#232 = CARTESIAN_POINT ( 'NONE',  ( -0.8708698241046385347, -6.069939759036143911, 0.04219775066469566571 ) ) ;
#233 = ORIENTED_EDGE ( 'NONE', *, *, #2360, .F. ) ;
#234 = CARTESIAN_POINT ( 'NONE',  ( 0.000000000000000000, -4.971993016631442330, -5.793750000000001066 ) ) ;
#235 = EDGE_CURVE ( 'NONE', #312, #361, #307, .T. ) ;
#236 = DIRECTION ( 'NONE',  ( 0.000000000000000000, 0.000000000000000000, 1.000000000000000000 ) ) ;
#237 = CARTESIAN_POINT ( 'NONE',  ( 5.017534683176079646, -6.069939759036143911, 2.896875000000024514 ) ) ;
#238 = CARTESIAN_POINT ( 'NONE',  ( -3.335403042527071982, -4.872999999999998444, 3.893740559398014778 ) ) ;
#239 = DIRECTION ( 'NONE',  ( 0.000000000000000000, 0.000000000000000000, 1.000000000000000000 ) ) ;
#240 = DIRECTION ( 'NONE',  ( -0.000000000000000000, 1.000000000000000000, -0.000000000000000000 ) ) ;
#241 = CARTESIAN_POINT ( 'NONE',  ( 4.025697063462081893, -4.501223755427893991, 3.169804606000258484 ) ) ;
#242 = CARTESIAN_POINT ( 'NONE',  ( -4.087798655257018687, -4.344321890730971525, 2.878521473468836689 ) ) ;
#243 = CARTESIAN_POINT ( 'NONE',  ( 1.028196236133927410, -6.199999999999997513, -0.7752942663962385517 ) ) ;
#244 = FACE_OUTER_BOUND ( 'NONE', #1293, .T. ) ;
#245 = ORIENTED_EDGE ( 'NONE', *, *, #877, .T. ) ;
#246 = EDGE_CURVE ( 'NONE', #2485, #3113, #1809, .T. ) ;
#247 = ADVANCED_FACE ( 'NONE', ( #900 ), #177, .F. ) ;
#248 = ORIENTED_EDGE ( 'NONE', *, *, #1127, .F. ) ;
#249 = DIRECTION ( 'NONE',  ( -0.8660254037844432595, -0.000000000000000000, 0.4999999999999919509 ) ) ;
#250 = EDGE_CURVE ( 'NONE', #2459, #22, #2610, .T. ) ;
#251 = LINE ( 'NONE', #2158, #1257 ) ;
#252 = CARTESIAN_POINT ( 'NONE',  ( -5.362984065709545334, -6.069939759036143911, 3.096320293997012918 ) ) ;
#253 = DIRECTION ( 'NONE',  ( -0.000000000000000000, 1.000000000000000000, -0.000000000000000000 ) ) ;
#254 = CARTESIAN_POINT ( 'NONE',  ( 5.000001052764230458, -4.971993016631444995, 1.010572231489157868 ) ) ;
#255 = CARTESIAN_POINT ( 'NONE',  ( 4.603476233987502830, -4.340532908037785909, 1.957173041633827992 ) ) ;
#256 = VERTEX_POINT ( 'NONE', #1844 ) ;
#257 = CARTESIAN_POINT ( 'NONE',  ( 3.815626239753017401, -4.429182344004797933, 3.231267579463265260 ) ) ;
#258 = CARTESIAN_POINT ( 'NONE',  ( -4.642855428508471327, -4.437911368582110327, 2.170353932526804197 ) ) ;
#259 = DIRECTION ( 'NONE',  ( -0.000000000000000000, 1.000000000000000000, -0.000000000000000000 ) ) ;
#260 = DIRECTION ( 'NONE',  ( 0.000000000000000000, 0.000000000000000000, 1.000000000000000000 ) ) ;
#261 = ORIENTED_EDGE ( 'NONE', *, *, #2340, .T. ) ;
#262 = CIRCLE ( 'NONE', #1938, 2.593749999999995559 ) ;
#263 = TOROIDAL_SURFACE ( 'NONE', #2945, 4.750000000000000888, 0.2500000000000002220 ) ;
#264 = ORIENTED_EDGE ( 'NONE', *, *, #116, .F. ) ;
#265 = CARTESIAN_POINT ( 'NONE',  ( 3.335403042527017359, -4.872999999999997556, 3.893740559398061407 ) ) ;
#266 = DIRECTION ( 'NONE',  ( 0.000000000000000000, 0.000000000000000000, 1.000000000000000000 ) ) ;
#267 = AXIS2_PLACEMENT_3D ( 'NONE', #265, #1466, #26 ) ;
#268 = EDGE_CURVE ( 'NONE', #585, #914, #179, .T. ) ;
#269 = DIRECTION ( 'NONE',  ( -0.9829880556754544418, 0.000000000000000000, -0.1836694922936021324 ) ) ;
#270 = CARTESIAN_POINT ( 'NONE',  ( -0.3037358432016365462, -4.286443214382470224, -4.993006898142104077 ) ) ;
#271 = CARTESIAN_POINT ( 'NONE',  ( 8.249999999999998224, -6.199999999999997513, 3.980102097228919925E-16 ) ) ;
#272 = CARTESIAN_POINT ( 'NONE',  ( 4.000222434724194365, -4.339153456641455797, 3.003444411721386320 ) ) ;
#273 = CARTESIAN_POINT ( 'NONE',  ( 3.723022837508280336, -4.480684854770103698, 3.340617494721056513 ) ) ;
#274 = CARTESIAN_POINT ( 'NONE',  ( -4.483857485311056656, -4.351217171049011512, 2.246457680847531169 ) ) ;
#275 = VERTEX_POINT ( 'NONE', #1613 ) ;
#276 = DIRECTION ( 'NONE',  ( 0.000000000000000000, 0.000000000000000000, 1.000000000000000000 ) ) ;
#277 = EDGE_CURVE ( 'NONE', #2386, #1162, #2572, .T. ) ;
#278 = ORIENTED_EDGE ( 'NONE', *, *, #3037, .F. ) ;
#279 = AXIS2_PLACEMENT_3D ( 'NONE', #2808, #2825, #3076 ) ;
#280 = ORIENTED_EDGE ( 'NONE', *, *, #1635, .F. ) ;
#281 = DIRECTION ( 'NONE',  ( -0.8660254037844432595, -0.000000000000000000, 0.4999999999999919509 ) ) ;
#282 = CARTESIAN_POINT ( 'NONE',  ( -1.118416146800925937, -4.636350762660089941, -4.881096778076044806 ) ) ;
#283 = CIRCLE ( 'NONE', #339, 2.500000000000000444 ) ;
#284 = DIRECTION ( 'NONE',  ( 0.8660254037844363761, -0.000000000000000000, 0.5000000000000041078 ) ) ;
#285 = CARTESIAN_POINT ( 'NONE',  ( -5.017534683176119614, -4.971993016631442330, 2.896874999999953904 ) ) ;
#286 = CARTESIAN_POINT ( 'NONE',  ( 4.799736283271829329, -4.562357511526474951, 1.428386906580880300 ) ) ;
#287 = CARTESIAN_POINT ( 'NONE',  ( 3.437260550308065543, -4.684209084380949406, 3.639264220709920838 ) ) ;
#288 = EDGE_CURVE ( 'NONE', #2197, #934, #1654, .T. ) ;
#289 = EDGE_LOOP ( 'NONE', ( #2786, #3128, #3049 ) ) ;
#290 = CARTESIAN_POINT ( 'NONE',  ( -4.473616040258026949, -4.318019281609708493, 2.237075531980441845 ) ) ;
#291 = DIRECTION ( 'NONE',  ( 0.8660254037844362651, -0.000000000000000000, 0.5000000000000039968 ) ) ;
#292 = B_SPLINE_SURFACE_WITH_KNOTS ( 'NONE', 3, 3, ( 
 ( #254, #2935, #753, #1724, #2448, #2206, #31 ),
 ( #3105, #1973, #2054, #1799, #350, #2951, #337 ),
 ( #1769, #2747, #2716, #61, #2235, #286, #820 ),
 ( #82, #577, #835, #1297, #1565, #1550, #3015 ),
 ( #45, #2466, #1533, #1263, #852, #2765, #1064 ),
 ( #2513, #2483, #1987, #1279, #1313, #2254, #1044 ),
 ( #303, #2021, #2272, #2999, #1816, #2985, #558 ),
 ( #2732, #1327, #1076, #594, #2284, #1784, #544 ),
 ( #2004, #96, #2034, #2972, #803, #2525, #108 ),
 ( #1091, #2778, #1501, #2220, #1024, #2498, #784 ),
 ( #1752, #1519, #319, #2302, #2537, #1579, #363 ),
 ( #1826, #1343, #128, #607, #1106, #2072, #3029 ),
 ( #867, #2923, #1202, #2906, #446, #1457, #497 ),
 ( #2419, #2452, #1422, #2164, #3140, #1474, #2687 ),
 ( #241, #15, #2655, #1912, #1185, #739, #3108 ),
 ( #1217, #2176, #979, #2384, #1944, #1927, #257 ),
 ( #2872, #206, #1711, #2674, #1673, #2886, #273 ),
 ( #1726, #1251, #2433, #2638, #1232, #223, #2191 ),
 ( #3123, #964, #998, #2208, #1960, #755, #512 ),
 ( #1488, #2146, #1690, #948, #33, #1012, #1975 ),
 ( #2937, #1437, #703, #719, #480, #459, #770 ),
 ( #1740, #2403, #1198, #696, #1623, #2349, #909 ) ),
 .UNSPECIFIED., .F., .F., .F.,
 ( 4, 3, 3, 3, 3, 3, 3, 4 ),
 ( 4, 3, 4 ),
 ( 0.0009342653708499939298, 0.001863939725015985186, 0.002328776902098980868, 0.002793614079181976333, 0.003258451256264971799, 0.003723288433347967698, 0.004188125610430963597, 0.004652962787513958628 ),
 ( 0.000000000000000000, 0.5040155064309465027, 1.008031012861893005 ),
 .UNSPECIFIED. ) ;
#293 = EDGE_CURVE ( 'NONE', #2862, #137, #537, .T. ) ;
#294 = CARTESIAN_POINT ( 'NONE',  ( 4.125000000000000000, -6.199999999999997513, 4.644709581221616368 ) ) ;
#295 = DIRECTION ( 'NONE',  ( -0.000000000000000000, 1.000000000000000000, -0.000000000000000000 ) ) ;
#296 = ORIENTED_EDGE ( 'NONE', *, *, #1694, .T. ) ;
#297 =( BOUNDED_CURVE ( )  B_SPLINE_CURVE ( 3, ( #2659, #18, #2422, #2213 ),
 .UNSPECIFIED., .F., .T. ) 
 B_SPLINE_CURVE_WITH_KNOTS ( ( 4, 4 ),
 ( 1.163189884417853648, 1.570796326794897446 ),
 .UNSPECIFIED. ) 
 CURVE ( )  GEOMETRIC_REPRESENTATION_ITEM ( )  RATIONAL_B_SPLINE_CURVE ( ( 1.000000000000000000, 0.9862026054537459396, 0.9862026054537459396, 1.000000000000000000 ) ) 
 REPRESENTATION_ITEM ( '' )  );
#298 = EDGE_LOOP ( 'NONE', ( #1896, #2066, #1934, #38 ) ) ;
#299 = CARTESIAN_POINT ( 'NONE',  ( 0.000000000000000000, -3.800000000000004707, 0.000000000000000000 ) ) ;
#300 = CALENDAR_DATE ( 2026, 8, 1 ) ;
#301 = CARTESIAN_POINT ( 'NONE',  ( 0.8233310399882818320, -6.199999999999997513, -0.7119083498539551247 ) ) ;
#302 = DIRECTION ( 'NONE',  ( 0.000000000000000000, 1.000000000000000000, 0.000000000000000000 ) ) ;
#303 = CARTESIAN_POINT ( 'NONE',  ( 4.643825048097228958, -4.438314124992470688, 2.168230872365348283 ) ) ;
#304 = DIRECTION ( 'NONE',  ( 0.000000000000000000, -1.000000000000000000, 0.000000000000000000 ) ) ;
#305 = ORIENTED_EDGE ( 'NONE', *, *, #366, .T. ) ;
#306 = CARTESIAN_POINT ( 'NONE',  ( -4.584034332469525630, -4.423472058816702024, 2.140419236617887133 ) ) ;
#307 = LINE ( 'NONE', #562, #2663 ) ;
#308 = CARTESIAN_POINT ( 'NONE',  ( -4.023821273091383155, -4.502055314428358379, 3.172147145885634956 ) ) ;
#309 = EDGE_CURVE ( 'NONE', #451, #1701, #1353, .T. ) ;
#310 = DIRECTION ( 'NONE',  ( -0.000000000000000000, 1.000000000000000000, -0.000000000000000000 ) ) ;
#311 = ORIENTED_EDGE ( 'NONE', *, *, #2493, .T. ) ;
#312 = VERTEX_POINT ( 'NONE', #2334 ) ;
#313 = CYLINDRICAL_SURFACE ( 'NONE', #2141, 2.500000000000000000 ) ;
#314 = VECTOR ( 'NONE', #324, 999.9999999999998863 ) ;
#315 = DATE_AND_TIME ( #300, #2316 ) ;
#316 = CARTESIAN_POINT ( 'NONE',  ( 6.123233995736767268E-16, -4.050000000000005151, -5.000000000000000888 ) ) ;
#317 = CIRCLE ( 'NONE', #367, 2.500000000000000444 ) ;
#318 = CARTESIAN_POINT ( 'NONE',  ( 4.124999999999992895, -4.999999999999999112, -9.644709581221620809 ) ) ;
#319 = CARTESIAN_POINT ( 'NONE',  ( 4.308248957755661301, -4.386111433785388591, 2.658226399162580300 ) ) ;
#320 = CARTESIAN_POINT ( 'NONE',  ( 1.662157908056389077, -4.872999999999998444, -4.715636869892085414 ) ) ;
#321 = AXIS2_PLACEMENT_3D ( 'NONE', #1719, #41, #731 ) ;
#322 = CARTESIAN_POINT ( 'NONE',  ( -4.456216069563068594, -4.386111433785388591, 2.401939843662923568 ) ) ;
#323 = CARTESIAN_POINT ( 'NONE',  ( 0.000000000000000000, -6.199999999999997513, -5.793750000000001066 ) ) ;
#324 = DIRECTION ( 'NONE',  ( 0.8660254037844363761, -0.000000000000000000, 0.5000000000000039968 ) ) ;
#325 = DIRECTION ( 'NONE',  ( 0.000000000000000000, 1.000000000000000000, 0.000000000000000000 ) ) ;
#326 = VERTEX_POINT ( 'NONE', #911 ) ;
#327 = AXIS2_PLACEMENT_3D ( 'NONE', #1469, #713, #1042 ) ;
#328 = ADVANCED_FACE ( 'NONE', ( #1831 ), #159, .F. ) ;
#329 = CIRCLE ( 'NONE', #2106, 1.704376718921021272 ) ;
#330 = ORIENTED_EDGE ( 'NONE', *, *, #2903, .F. ) ;
#331 = EDGE_CURVE ( 'NONE', #2849, #1003, #2560, .T. ) ;
#332 = AXIS2_PLACEMENT_3D ( 'NONE', #1283, #2240, #1774 ) ;
#333 = DATE_AND_TIME ( #2232, #134 ) ;
#334 = DIRECTION ( 'NONE',  ( -0.4999999999999916733, 0.000000000000000000, -0.8660254037844432595 ) ) ;
#335 = AXIS2_PLACEMENT_3D ( 'NONE', #1230, #2884, #2902 ) ;
#336 = CARTESIAN_POINT ( 'NONE',  ( -1.028196236133927410, -6.199999999999997513, -0.7752942663962516523 ) ) ;
#337 = CARTESIAN_POINT ( 'NONE',  ( 4.870366893403456743, -4.682348220817698525, 1.157168928568385491 ) ) ;
#338 = CARTESIAN_POINT ( 'NONE',  ( 1.527397707000971816E-11, -4.273000000000000576, -5.000000000000000888 ) ) ;
#339 = AXIS2_PLACEMENT_3D ( 'NONE', #2804, #1151, #880 ) ;
#340 = DIRECTION ( 'NONE',  ( -0.000000000000000000, 1.000000000000000000, 0.000000000000000000 ) ) ;
#341 = CARTESIAN_POINT ( 'NONE',  ( 1.704376718921021050, -4.872999999999998444, -4.835414046387343845 ) ) ;
#342 = CARTESIAN_POINT ( 'NONE',  ( -0.1628988450096958140, -5.987500000000001599, 0.2530208249801826348 ) ) ;
#343 = CARTESIAN_POINT ( 'NONE',  ( -0.1121998901317220326, -6.200000000000024158, 0.9553257541247843765 ) ) ;
#344 = ORIENTED_EDGE ( 'NONE', *, *, #227, .F. ) ;
#345 = ORIENTED_EDGE ( 'NONE', *, *, #2347, .F. ) ;
#346 = DATE_TIME_ROLE ( 'creation_date' ) ;
#347 = DIRECTION ( 'NONE',  ( 0.000000000000000000, 0.000000000000000000, -1.000000000000000000 ) ) ;
#348 = ADVANCED_FACE ( 'NONE', ( #2101 ), #1625, .F. ) ;
#349 = CARTESIAN_POINT ( 'NONE',  ( -0.4011486988676684073, -6.070918063027306744, -0.7796831902345652265 ) ) ;
#350 = CARTESIAN_POINT ( 'NONE',  ( 4.873126716572862449, -4.734187878563704821, 1.190627559359040744 ) ) ;
#351 = CYLINDRICAL_SURFACE ( 'NONE', #2519, 11.49999999999995381 ) ;
#352 = CARTESIAN_POINT ( 'NONE',  ( 0.000000000000000000, -6.993749999999997691, -5.793750000000001066 ) ) ;
#353 = DIRECTION ( 'NONE',  ( 0.000000000000000000, -0.000000000000000000, -1.000000000000000000 ) ) ;
#354 = DIRECTION ( 'NONE',  ( -0.000000000000000000, 1.000000000000000000, -0.000000000000000000 ) ) ;
#355 = ADVANCED_FACE ( 'NONE', ( #666, #2351, #1640, #1658, #1406, #2369, #2129, #870 ), #444, .T. ) ;
#356 = CARTESIAN_POINT ( 'NONE',  ( 0.1134689576298931329, -6.199999999999974420, 0.9554339675213933125 ) ) ;
#357 = ORIENTED_EDGE ( 'NONE', *, *, #1069, .T. ) ;
#358 = EDGE_LOOP ( 'NONE', ( #2800, #40, #1886, #344 ) ) ;
#359 = PERSON_AND_ORGANIZATION ( #1932, #84 ) ;
#360 = DIRECTION ( 'NONE',  ( 0.000000000000000000, -1.000000000000000000, 0.000000000000000000 ) ) ;
#361 = VERTEX_POINT ( 'NONE', #1892 ) ;
#362 = DIRECTION ( 'NONE',  ( -0.000000000000000000, 1.000000000000000000, -0.000000000000000000 ) ) ;
#363 = CARTESIAN_POINT ( 'NONE',  ( 4.253758161328503817, -4.271428834021068432, 2.632262953854231924 ) ) ;
#364 = TOROIDAL_SURFACE ( 'NONE', #3, 1.704376718921021050, 0.1270000000000000018 ) ;
#365 = CARTESIAN_POINT ( 'NONE',  ( -4.169910943646179646, -4.286907157887925202, 2.763035011331886892 ) ) ;
#366 = EDGE_CURVE ( 'NONE', #1732, #2579, #635, .T. ) ;
#367 = AXIS2_PLACEMENT_3D ( 'NONE', #683, #412, #1657 ) ;
#368 = DIRECTION ( 'NONE',  ( 0.5000000000000039968, 0.000000000000000000, -0.8660254037844362651 ) ) ;
#369 = DIRECTION ( 'NONE',  ( 0.000000000000000000, -1.000000000000000000, 0.000000000000000000 ) ) ;
#370 = CIRCLE ( 'NONE', #267, 0.1269999999999999463 ) ;
#371 = DIRECTION ( 'NONE',  ( 1.000000000000000000, 0.000000000000000000, 0.000000000000000000 ) ) ;
#372 = AXIS2_PLACEMENT_3D ( 'NONE', #1978, #2489, #2940 ) ;
#373 = CARTESIAN_POINT ( 'NONE',  ( -0.1091682233098643373, -6.199999999999997513, 1.250286860694350244 ) ) ;
#374 = ORIENTED_EDGE ( 'NONE', *, *, #1364, .F. ) ;
#375 = EDGE_CURVE ( 'NONE', #1490, #407, #486, .T. ) ;
#376 = ORIENTED_EDGE ( 'NONE', *, *, #2150, .F. ) ;
#377 = EDGE_LOOP ( 'NONE', ( #278, #91, #195, #1143 ) ) ;
#378 = AXIS2_PLACEMENT_3D ( 'NONE', #3013, #818, #2511 ) ;
#379 = DIRECTION ( 'NONE',  ( 0.000000000000000000, 0.000000000000000000, 1.000000000000000000 ) ) ;
#380 = VERTEX_POINT ( 'NONE', #2075 ) ;
#381 = CARTESIAN_POINT ( 'NONE',  ( 0.1573264120405927780, -6.199999999999997513, 1.278091193765644062 ) ) ;
#383 = AXIS2_PLACEMENT_3D ( 'NONE', #323, #86, #1301 ) ;
#382 = B_SPLINE_CURVE_WITH_KNOTS ( 'NONE', 3,
 ( #1255, #983, #2690, #1715, #516, #533, #2677, #1476, #773, #790, #1016, #2704 ),
 .UNSPECIFIED., .F., .F.,
 ( 4, 2, 2, 2, 2, 4 ),
 ( 0.000000000000000000, 0.0008995918455104869689, 0.001349387768265730399, 0.001799183691020973938, 0.002698775536531461232, 0.003598367382041948743 ),
 .UNSPECIFIED. ) ;
#384 = CIRCLE ( 'NONE', #172, 0.1270000000000003904 ) ;
#385 = EDGE_CURVE ( 'NONE', #312, #2961, #994, .T. ) ;
#386 = CYLINDRICAL_SURFACE ( 'NONE', #1344, 1.006249999999996092 ) ;
#387 = DIRECTION ( 'NONE',  ( 0.000000000000000000, 0.000000000000000000, 1.000000000000000000 ) ) ;
#388 = CARTESIAN_POINT ( 'NONE',  ( 4.209157978689533013E-17, -5.987500000000001599, -7.290475476174111055E-17 ) ) ;
#389 = AXIS2_PLACEMENT_3D ( 'NONE', #2973, #62, #2006 ) ;
#390 = CARTESIAN_POINT ( 'NONE',  ( -0.4719792361177725382, -6.069939759034149951, 0.7330965157303979129 ) ) ;
#391 = ORIENTED_EDGE ( 'NONE', *, *, #2266, .F. ) ;
#392 = EDGE_CURVE ( 'NONE', #873, #2797, #1846, .T. ) ;
#393 = ORIENTED_EDGE ( 'NONE', *, *, #288, .T. ) ;
#394 = CARTESIAN_POINT ( 'NONE',  ( 4.209157978689533013E-17, -5.987500000000001599, -7.290475476174111055E-17 ) ) ;
#395 = EDGE_LOOP ( 'NONE', ( #2425, #1396, #3057, #345 ) ) ;
#396 = CARTESIAN_POINT ( 'NONE',  ( 0.000000000000000000, -4.999999999999999112, -5.793750000000001066 ) ) ;
#397 = FACE_BOUND ( 'NONE', #2533, .T. ) ;
#398 = CARTESIAN_POINT ( 'NONE',  ( -0.3988905879941259114, -6.069939759036144800, -5.793750000000001066 ) ) ;
#399 = CARTESIAN_POINT ( 'NONE',  ( -4.915101742381827066, -4.871893742949183093, 0.9175246204101319414 ) ) ;
#400 = DIRECTION ( 'NONE',  ( -0.000000000000000000, 1.000000000000000000, -0.000000000000000000 ) ) ;
#401 = FACE_OUTER_BOUND ( 'NONE', #2888, .T. ) ;
#402 = FACE_OUTER_BOUND ( 'NONE', #2214, .T. ) ;
#403 = EDGE_LOOP ( 'NONE', ( #1644, #876, #2521, #2507 ) ) ;
#404 = EDGE_CURVE ( 'NONE', #1824, #916, #1940, .T. ) ;
#405 = EDGE_LOOP ( 'NONE', ( #1866, #196 ) ) ;
#406 = CARTESIAN_POINT ( 'NONE',  ( 1.704376718921020384, -4.999999999999999112, 0.000000000000000000 ) ) ;
#407 = VERTEX_POINT ( 'NONE', #700 ) ;
#408 = LINE ( 'NONE', #1386, #1292 ) ;
#409 = EDGE_CURVE ( 'NONE', #919, #361, #2011, .T. ) ;
#410 = FACE_OUTER_BOUND ( 'NONE', #707, .T. ) ;
#411 = CARTESIAN_POINT ( 'NONE',  ( 5.888972745734165848, -6.993749999999997691, 3.400000000000026112 ) ) ;
#412 = DIRECTION ( 'NONE',  ( 0.000000000000000000, 1.000000000000000000, 0.000000000000000000 ) ) ;
#413 = DIRECTION ( 'NONE',  ( 0.4999999999999918954, 0.000000000000000000, 0.8660254037844432595 ) ) ;
#414 = CARTESIAN_POINT ( 'NONE',  ( -5.017534683176119614, -4.971993016631442330, 2.896874999999953904 ) ) ;
#415 = VECTOR ( 'NONE', #1688, 1000.000000000000000 ) ;
#416 = CARTESIAN_POINT ( 'NONE',  ( -4.017457002692281343, -4.402521583600782051, 3.001377128120333193 ) ) ;
#417 = ORIENTED_EDGE ( 'NONE', *, *, #2523, .F. ) ;
#418 = TOROIDAL_SURFACE ( 'NONE', #1036, 1.704376718921021050, 0.1270000000000000018 ) ;
#419 = AXIS2_PLACEMENT_3D ( 'NONE', #1903, #1176, #452 ) ;
#420 = ORIENTED_EDGE ( 'NONE', *, *, #235, .F. ) ;
#421 = DIRECTION ( 'NONE',  ( 0.8660254037844362651, -0.000000000000000000, 0.5000000000000039968 ) ) ;
#422 = VERTEX_POINT ( 'NONE', #2174 ) ;
#423 = DIRECTION ( 'NONE',  ( 0.3324315816112773936, 0.000000000000000000, -0.9431273739784169496 ) ) ;
#424 = ADVANCED_FACE ( 'NONE', ( #1924 ), #619, .T. ) ;
#425 = CIRCLE ( 'NONE', #1502, 0.1269999999999999740 ) ;
#426 = DIRECTION ( 'NONE',  ( 0.000000000000000000, 0.000000000000000000, 1.000000000000000000 ) ) ;
#427 = DIRECTION ( 'NONE',  ( 0.8660254037844363761, -0.000000000000000000, 0.5000000000000041078 ) ) ;
#428 = CIRCLE ( 'NONE', #3016, 0.1269999999999998075 ) ;
#429 = CARTESIAN_POINT ( 'NONE',  ( -4.124999999999997335, -6.199999999999997513, 4.644709581221618144 ) ) ;
#430 = CARTESIAN_POINT ( 'NONE',  ( 0.000000000000000000, -4.999999999999999112, 0.000000000000000000 ) ) ;
#431 = CARTESIAN_POINT ( 'NONE',  ( 0.8757997990806412059, -6.070918063027304967, 0.04243663120280267292 ) ) ;
#432 = AXIS2_PLACEMENT_3D ( 'NONE', #2059, #2010, #2977 ) ;
#433 = CARTESIAN_POINT ( 'NONE',  ( -4.084873951387446134, -4.311627172265143138, 2.883384111586918763 ) ) ;
#434 = ORIENTED_EDGE ( 'NONE', *, *, #1349, .T. ) ;
#435 = VECTOR ( 'NONE', #1450, 1000.000000000000000 ) ;
#436 = ORIENTED_EDGE ( 'NONE', *, *, #404, .F. ) ;
#437 = DIRECTION ( 'NONE',  ( 0.000000000000000000, 0.000000000000000000, 1.000000000000000000 ) ) ;
#438 = ORIENTED_EDGE ( 'NONE', *, *, #366, .F. ) ;
#439 = CARTESIAN_POINT ( 'NONE',  ( -5.039779761448065720, -4.872999999999998444, 0.9416734869892510185 ) ) ;
#440 = CARTESIAN_POINT ( 'NONE',  ( 1.624819301553394268, -4.971993016631443219, -4.835414046387343845 ) ) ;
#441 = ADVANCED_FACE ( 'NONE', ( #767 ), #1307, .T. ) ;
#442 = DIRECTION ( 'NONE',  ( 0.000000000000000000, 0.000000000000000000, 1.000000000000000000 ) ) ;
#443 = LINE ( 'NONE', #2381, #2241 ) ;
#444 = PLANE ( 'NONE',  #226 ) ;
#445 = DIRECTION ( 'NONE',  ( 0.5000000000000039968, 0.000000000000000000, -0.8660254037844363761 ) ) ;
#446 = CARTESIAN_POINT ( 'NONE',  ( 4.103203157580630034, -4.376578619650450364, 2.879613754274496618 ) ) ;
#447 = CARTESIAN_POINT ( 'NONE',  ( -3.329518288912270751, -4.954317570569783946, 3.792127991391821773 ) ) ;
#448 = VERTEX_POINT ( 'NONE', #2870 ) ;
#449 = ORIENTED_EDGE ( 'NONE', *, *, #1114, .F. ) ;
#450 = DIRECTION ( 'NONE',  ( 0.000000000000000000, 1.000000000000000000, 0.000000000000000000 ) ) ;
#451 = VERTEX_POINT ( 'NONE', #1686 ) ;
#452 = DIRECTION ( 'NONE',  ( 0.3324315816112758393, 0.000000000000000000, 0.9431273739784173937 ) ) ;
#453 = B_SPLINE_CURVE_WITH_KNOTS ( 'NONE', 3,
 ( #1965, #550, #1525, #308, #1284, #2242, #1696, #484, #2436, #1805, #826, #2771, #2782, #1789 ),
 .UNSPECIFIED., .F., .F.,
 ( 4, 2, 2, 2, 2, 2, 4 ),
 ( 0.000000000000000000, 0.0008996395613994935536, 0.001349459342099241198, 0.001799279122798988625, 0.002249098903498736052, 0.002698918684198483697, 0.003598558245597978985 ),
 .UNSPECIFIED. ) ;
#454 = DIRECTION ( 'NONE',  ( -0.000000000000000000, -0.000000000000000000, -1.000000000000000000 ) ) ;
#455 = DIRECTION ( 'NONE',  ( -0.000000000000000000, 1.000000000000000000, -0.000000000000000000 ) ) ;
#456 = CARTESIAN_POINT ( 'NONE',  ( 0.4498808528040072474, -6.091956766221298558, -0.6402277410934729129 ) ) ;
#457 = ADVANCED_FACE ( 'NONE', ( #2653 ), #977, .F. ) ;
#458 = FACE_OUTER_BOUND ( 'NONE', #289, .T. ) ;
#459 = CARTESIAN_POINT ( 'NONE',  ( 3.356159073969777751, -4.802462593623765486, 3.707779520147887364 ) ) ;
#460 = CARTESIAN_POINT ( 'NONE',  ( -3.448646019225075410, -4.708267527920988016, 3.627996196609390100 ) ) ;
#461 = ORIENTED_EDGE ( 'NONE', *, *, #1881, .F. ) ;
#462 = AXIS2_PLACEMENT_3D ( 'NONE', #101, #1081, #2826 ) ;
#463 = ADVANCED_FACE ( 'NONE', ( #1433 ), #1010, .F. ) ;
#464 = VECTOR ( 'NONE', #508, 1000.000000000000114 ) ;
#465 = ORIENTED_EDGE ( 'NONE', *, *, #1467, .T. ) ;
#466 = EDGE_CURVE ( 'NONE', #3036, #2566, #637, .T. ) ;
#467 = AXIS2_PLACEMENT_3D ( 'NONE', #648, #155, #694 ) ;
#468 = ORIENTED_EDGE ( 'NONE', *, *, #2225, .T. ) ;
#469 = AXIS2_PLACEMENT_3D ( 'NONE', #2084, #368, #2037 ) ;
#470 = CARTESIAN_POINT ( 'NONE',  ( -0.4504802694293671972, -6.092215587394002263, -0.6386399841507317543 ) ) ;
#471 = ORIENTED_EDGE ( 'NONE', *, *, #915, .T. ) ;
#472 = CARTESIAN_POINT ( 'NONE',  ( 4.125000000000000000, -4.999999999999999112, 9.644709581221617256 ) ) ;
#473 = DIRECTION ( 'NONE',  ( -0.000000000000000000, 1.000000000000000000, -0.000000000000000000 ) ) ;
#474 = CARTESIAN_POINT ( 'NONE',  ( 0.8124096507767040176, -4.971993016631442330, -1.407134791704524934 ) ) ;
#475 = DIRECTION ( 'NONE',  ( 0.000000000000000000, 0.000000000000000000, -1.000000000000000000 ) ) ;
#476 = CARTESIAN_POINT ( 'NONE',  ( 0.9516358815208063593, -6.200000000000139622, -0.2927105761255612282 ) ) ;
#477 = CIRCLE ( 'NONE', #2261, 2.593749999999997335 ) ;
#478 = DIRECTION ( 'NONE',  ( 0.000000000000000000, -1.000000000000000000, 0.000000000000000000 ) ) ;
#479 = AXIS2_PLACEMENT_3D ( 'NONE', #1174, #1399, #2833 ) ;
#480 = CARTESIAN_POINT ( 'NONE',  ( 3.375598445233990219, -4.826984714488655293, 3.704343210589518431 ) ) ;
#481 = CARTESIAN_POINT ( 'NONE',  ( -3.748550123800522993, -4.649999018635542214, 3.491294821716160790 ) ) ;
#482 = FACE_OUTER_BOUND ( 'NONE', #2943, .T. ) ;
#483 = AXIS2_PLACEMENT_3D ( 'NONE', #705, #259, #1234 ) ;
#484 = CARTESIAN_POINT ( 'NONE',  ( -4.514362023943375490, -4.399979090427969197, 2.434918889591597413 ) ) ;
#485 = ADVANCED_FACE ( 'NONE', ( #3137 ), #292, .F. ) ;
#486 = CIRCLE ( 'NONE', #2001, 0.3988905879941250232 ) ;
#487 = ORIENTED_EDGE ( 'NONE', *, *, #2150, .T. ) ;
#488 = CC_DESIGN_APPROVAL ( #861, ( #2816 ) ) ;
#489 = ORIENTED_EDGE ( 'NONE', *, *, #2558, .F. ) ;
#490 = DIRECTION ( 'NONE',  ( 0.000000000000000000, 0.000000000000000000, 1.000000000000000000 ) ) ;
#491 = CARTESIAN_POINT ( 'NONE',  ( -0.2882390211925814905, -4.411994177062905642, -4.993757614000682743 ) ) ;
#492 = CARTESIAN_POINT ( 'NONE',  ( -0.1092131854423001036, -6.199999999999997513, 1.250313009436552214 ) ) ;
#493 = LINE ( 'NONE', #1723, #464 ) ;
#494 = DIRECTION ( 'NONE',  ( -0.000000000000000000, 1.000000000000000000, -0.000000000000000000 ) ) ;
#495 = CARTESIAN_POINT ( 'NONE',  ( 4.254381631946086095, -4.272937076783931865, 2.631259987453528293 ) ) ;
#496 = VECTOR ( 'NONE', #1569, 1000.000000000000000 ) ;
#497 = CARTESIAN_POINT ( 'NONE',  ( 4.086250606543186947, -4.311204289717982974, 2.881432826589509499 ) ) ;
#498 = CARTESIAN_POINT ( 'NONE',  ( -4.699501723055908187, -4.485982582891931969, 1.873871675816250137 ) ) ;
#499 = ORIENTED_EDGE ( 'NONE', *, *, #675, .T. ) ;
#500 =( BOUNDED_CURVE ( )  B_SPLINE_CURVE ( 3, ( #388, #342, #2040, #2060 ),
 .UNSPECIFIED., .F., .T. ) 
 B_SPLINE_CURVE_WITH_KNOTS ( ( 4, 4 ),
 ( 4.712388980384689674, 5.119995422759312298 ),
 .UNSPECIFIED. ) 
 CURVE ( )  GEOMETRIC_REPRESENTATION_ITEM ( )  RATIONAL_B_SPLINE_CURVE ( ( 1.000000000000000000, 0.9862026054539092534, 0.9862026054539092534, 1.000000000000000000 ) ) 
 REPRESENTATION_ITEM ( '' )  );
#501 = DIRECTION ( 'NONE',  ( -0.000000000000000000, -0.000000000000000000, -1.000000000000000000 ) ) ;
#502 = ORIENTED_EDGE ( 'NONE', *, *, #2157, .F. ) ;
#503 = EDGE_CURVE ( 'NONE', #614, #1701, #477, .T. ) ;
#504 = EDGE_LOOP ( 'NONE', ( #2802, #2565, #1281, #1821 ) ) ;
#505 = ORIENTED_EDGE ( 'NONE', *, *, #2119, .F. ) ;
#506 = DIRECTION ( 'NONE',  ( 0.000000000000000000, 1.000000000000000000, 0.000000000000000000 ) ) ;
#507 = CARTESIAN_POINT ( 'NONE',  ( 0.1573264120405927780, -6.199999999999997513, 1.278091193765644062 ) ) ;
#508 = DIRECTION ( 'NONE',  ( 0.000000000000000000, -0.7071067811865460184, -0.7071067811865490160 ) ) ;
#509 = CARTESIAN_POINT ( 'NONE',  ( 1.094841580538430392, -6.199999999999996625, -0.5682992544258120837 ) ) ;
#510 = EDGE_CURVE ( 'NONE', #119, #1616, #2412, .T. ) ;
#511 = CARTESIAN_POINT ( 'NONE',  ( 4.870355334253048341, -4.684335155395999983, 1.156963395936925876 ) ) ;
#512 = CARTESIAN_POINT ( 'NONE',  ( 3.534017523648498749, -4.618044142162598398, 3.537061778407620150 ) ) ;
#513 = CARTESIAN_POINT ( 'NONE',  ( -4.921683163936787508, -4.730173236071257392, 1.379226743436653413 ) ) ;
#514 = VERTEX_POINT ( 'NONE', #1874 ) ;
#515 = VECTOR ( 'NONE', #2337, 999.9999999999998863 ) ;
#516 = CARTESIAN_POINT ( 'NONE',  ( -0.5861059875490883808, -4.462775042209481846, -5.092312590754598745 ) ) ;
#517 = ORIENTED_EDGE ( 'NONE', *, *, #685, .T. ) ;
#518 = AXIS2_PLACEMENT_3D ( 'NONE', #3033, #2794, #2978 ) ;
#519 = AXIS2_PLACEMENT_3D ( 'NONE', #1907, #1923, #910 ) ;
#520 = EDGE_CURVE ( 'NONE', #451, #1882, #1456, .T. ) ;
#521 = ORIENTED_EDGE ( 'NONE', *, *, #1329, .T. ) ;
#522 = CARTESIAN_POINT ( 'NONE',  ( -9.477188359460438249, -4.999999999999999112, -3.503612535556158480 ) ) ;
#523 = CIRCLE ( 'NONE', #1440, 2.500000000000000000 ) ;
#524 = CARTESIAN_POINT ( 'NONE',  ( -1.028196236133927410, -4.612499999999997158, -6.799999999999997158 ) ) ;
#525 = CIRCLE ( 'NONE', #2297, 0.3988905879941250232 ) ;
#526 = LINE ( 'NONE', #2948, #2960 ) ;
#527 = ADVANCED_FACE ( 'NONE', ( #2159 ), #2353, .T. ) ;
#528 = CARTESIAN_POINT ( 'NONE',  ( -4.124999999999997335, -6.199999999999997513, 7.144709581221618144 ) ) ;
#529 = CARTESIAN_POINT ( 'NONE',  ( 0.000000000000000000, 6.199999999999997513, 0.000000000000000000 ) ) ;
#530 = EDGE_LOOP ( 'NONE', ( #1699, #505, #2567, #2169 ) ) ;
#531 = CARTESIAN_POINT ( 'NONE',  ( -4.612772276862201259, -4.437407711123880105, 2.156349502658109873 ) ) ;
#532 = CARTESIAN_POINT ( 'NONE',  ( 5.017534683176079646, -6.993749999999997691, 2.896875000000024514 ) ) ;
#533 = CARTESIAN_POINT ( 'NONE',  ( -0.2949974811182388690, -4.412600846669741728, -5.119948956116846972 ) ) ;
#534 = AXIS2_PLACEMENT_3D ( 'NONE', #2535, #360, #125 ) ;
#535 = CARTESIAN_POINT ( 'NONE',  ( -1.021476263768828163, -6.199999999999996625, -0.2186602547708278999 ) ) ;
#536 = EDGE_LOOP ( 'NONE', ( #1794, #1442 ) ) ;
#537 = CIRCLE ( 'NONE', #2307, 2.500000000000000444 ) ;
#538 = EDGE_LOOP ( 'NONE', ( #1692, #628, #2678 ) ) ;
#539 = CARTESIAN_POINT ( 'NONE',  ( 5.017534683176079646, -4.971993016631442330, 2.896875000000024514 ) ) ;
#540 = CALENDAR_DATE ( 2026, 8, 1 ) ;
#541 = CC_DESIGN_APPROVAL ( #584, ( #1788 ) ) ;
#542 = FACE_OUTER_BOUND ( 'NONE', #2813, .T. ) ;
#543 = CARTESIAN_POINT ( 'NONE',  ( 0.1627826966880795145, -5.987500000000001599, 0.2528404188877177994 ) ) ;
#544 = CARTESIAN_POINT ( 'NONE',  ( 4.476721402483019752, -4.285026270505659873, 2.231929729260826001 ) ) ;
#545 = LINE ( 'NONE', #1201, #415 ) ;
#546 = EDGE_CURVE ( 'NONE', #2016, #3052, #3067, .T. ) ;
#547 = ORIENTED_EDGE ( 'NONE', *, *, #309, .T. ) ;
#548 = CARTESIAN_POINT ( 'NONE',  ( -4.485164622883627494, -4.400029031950086100, 2.418403866982729244 ) ) ;
#549 = LINE ( 'NONE', #1992, #1055 ) ;
#550 = CARTESIAN_POINT ( 'NONE',  ( -3.559408443380082332, -4.791480125321371020, 3.671846055561937661 ) ) ;
#551 = DIRECTION ( 'NONE',  ( 0.6505564740641722743, 0.000000000000000000, 0.7594578816848185365 ) ) ;
#552 = VERTEX_POINT ( 'NONE', #2632 ) ;
#553 = ORIENTED_EDGE ( 'NONE', *, *, #2890, .F. ) ;
#554 = DIRECTION ( 'NONE',  ( 0.000000000000000000, 0.000000000000000000, 1.000000000000000000 ) ) ;
#555 = SECURITY_CLASSIFICATION_LEVEL ( 'unclassified' ) ;
#556 = DIRECTION ( 'NONE',  ( 1.017805193370041934E-15, 0.000000000000000000, 1.000000000000000000 ) ) ;
#557 = DIRECTION ( 'NONE',  ( -0.000000000000000000, 1.000000000000000000, -0.000000000000000000 ) ) ;
#558 = CARTESIAN_POINT ( 'NONE',  ( 4.539520865196429611, -4.311627172265143138, 2.095912557365369633 ) ) ;
#559 = DIRECTION ( 'NONE',  ( 0.000000000000000000, 0.000000000000000000, 1.000000000000000000 ) ) ;
#560 = ORIENTED_EDGE ( 'NONE', *, *, #742, .T. ) ;
#561 = CARTESIAN_POINT ( 'NONE',  ( -4.644803622901031659, -4.448302786274119569, 2.008634337418350402 ) ) ;
#562 = CARTESIAN_POINT ( 'NONE',  ( -7.772811640539561751, -4.999999999999999112, 6.455679607964831312 ) ) ;
#563 = EDGE_CURVE ( 'NONE', #1977, #1586, #1275, .T. ) ;
#564 = CARTESIAN_POINT ( 'NONE',  ( -5.531632801243073772, -4.612499999999997158, 2.006430939432424232 ) ) ;
#565 = CARTESIAN_POINT ( 'NONE',  ( -0.3988905879895042750, -6.069939759034149063, -0.7752942664019678576 ) ) ;
#566 = ORIENTED_EDGE ( 'NONE', *, *, #385, .T. ) ;
#567 = ADVANCED_FACE ( 'NONE', ( #190 ), #1656, .T. ) ;
#568 = VERTEX_POINT ( 'NONE', #2127 ) ;
#569 = EDGE_CURVE ( 'NONE', #2701, #806, #1056, .T. ) ;
#570 = VERTEX_POINT ( 'NONE', #2398 ) ;
#571 = CIRCLE ( 'NONE', #1235, 0.3988905879941250232 ) ;
#572 = DIRECTION ( 'NONE',  ( 1.000000000000000000, 0.000000000000000000, 0.000000000000000000 ) ) ;
#573 = DIRECTION ( 'NONE',  ( -0.4999999999999950595, 0.000000000000000000, -0.8660254037844413721 ) ) ;
#574 = AXIS2_PLACEMENT_3D ( 'NONE', #30, #2684, #1023 ) ;
#575 = ORIENTED_EDGE ( 'NONE', *, *, #2679, .T. ) ;
#576 = CARTESIAN_POINT ( 'NONE',  ( -1.039541169940487952, -6.199999999999994849, -0.6641818154173134703 ) ) ;
#577 = CARTESIAN_POINT ( 'NONE',  ( 4.774925982910169786, -4.549276858533644941, 1.755392742509452875 ) ) ;
#578 = CARTESIAN_POINT ( 'NONE',  ( -4.915047675963562845, -4.872999999999998444, 0.9177798298667727561 ) ) ;
#579 = AXIS2_PLACEMENT_3D ( 'NONE', #6, #1496, #1935 ) ;
#580 = APPLICATION_CONTEXT ( 'configuration controlled 3d designs of mechanical parts and assemblies' ) ;
#581 = CARTESIAN_POINT ( 'NONE',  ( -4.948838319403534136, -4.954317570569789275, 0.9873834248669343117 ) ) ;
#582 = DIRECTION ( 'NONE',  ( -0.000000000000000000, -0.000000000000000000, 1.000000000000000000 ) ) ;
#583 = CARTESIAN_POINT ( 'NONE',  ( 2.449293598294706414E-16, -3.800000000000004707, -2.000000000000000000 ) ) ;
#584 = APPROVAL ( #2510, 'UNSPECIFIED' ) ;
#585 = VERTEX_POINT ( 'NONE', #398 ) ;
#586 = TOROIDAL_SURFACE ( 'NONE', #1047, 4.750000000000000888, 0.2500000000000002220 ) ;
#587 = EDGE_CURVE ( 'NONE', #2579, #163, #2619, .T. ) ;
#588 = AXIS2_PLACEMENT_3D ( 'NONE', #2343, #2123, #2376 ) ;
#589 = ORIENTED_EDGE ( 'NONE', *, *, #1249, .F. ) ;
#590 = ORIENTED_EDGE ( 'NONE', *, *, #858, .F. ) ;
#591 = PERSON_AND_ORGANIZATION ( #1932, #84 ) ;
#592 = CARTESIAN_POINT ( 'NONE',  ( 5.000001052764237564, -4.971993016631442330, 1.010572231489166972 ) ) ;
#593 = DIRECTION ( 'NONE',  ( 0.000000000000000000, 1.000000000000000000, 0.000000000000000000 ) ) ;
#594 = CARTESIAN_POINT ( 'NONE',  ( 4.504506191878256516, -4.375157234601554812, 2.257451931308407822 ) ) ;
#595 = CARTESIAN_POINT ( 'NONE',  ( 0.000000000000000000, -5.126999999999999780, 0.000000000000000000 ) ) ;
#596 = AXIS2_PLACEMENT_3D ( 'NONE', #2779, #304, #1280 ) ;
#597 = FACE_OUTER_BOUND ( 'NONE', #2314, .T. ) ;
#598 = CARTESIAN_POINT ( 'NONE',  ( -4.124999999999997335, -4.999999999999999112, 4.644709581221618144 ) ) ;
#599 = CARTESIAN_POINT ( 'NONE',  ( 0.5097874235414336930, -6.117823731281829325, -0.4815435216155553033 ) ) ;
#600 = DIRECTION ( 'NONE',  ( 0.000000000000000000, 0.000000000000000000, -1.000000000000000000 ) ) ;
#601 = EDGE_LOOP ( 'NONE', ( #1697, #1772, #3142, #1493 ) ) ;
#602 = AXIS2_PLACEMENT_3D ( 'NONE', #2277, #3007, #600 ) ;
#603 = ORIENTED_EDGE ( 'NONE', *, *, #1694, .F. ) ;
#604 = ADVANCED_FACE ( 'NONE', ( #650 ), #1417, .F. ) ;
#605 = DIRECTION ( 'NONE',  ( 1.000000000000000000, 0.000000000000000000, -1.224646799147353207E-16 ) ) ;
#606 = CARTESIAN_POINT ( 'NONE',  ( 0.000000000000000000, 6.199999999999997513, -1.509999999999997788 ) ) ;
#607 = CARTESIAN_POINT ( 'NONE',  ( 4.208418594008578317, -4.374929251204147107, 2.770533007675440640 ) ) ;
#608 = CARTESIAN_POINT ( 'NONE',  ( 1.177120396724227414, -4.536072856980671197, -4.867931689895568681 ) ) ;
#609 = EDGE_CURVE ( 'NONE', #2485, #2457, #1144, .T. ) ;
#610 = CARTESIAN_POINT ( 'NONE',  ( -4.889110793064640248, -4.802462593623765486, 1.052629257125518691 ) ) ;
#611 = CARTESIAN_POINT ( 'NONE',  ( -5.017534683176119614, -6.069939759036143911, 2.896874999999953904 ) ) ;
#612 = CARTESIAN_POINT ( 'NONE',  ( 3.335403042527016915, -4.999999999999999112, 3.893740559398061851 ) ) ;
#613 = ORIENTED_EDGE ( 'NONE', *, *, #1401, .F. ) ;
#614 = VERTEX_POINT ( 'NONE', #201 ) ;
#615 = CARTESIAN_POINT ( 'NONE',  ( 4.503436565109113054, -6.199999999999997513, 3.787319060567547080 ) ) ;
#616 = EDGE_LOOP ( 'NONE', ( #2077, #1035, #1223, #929 ) ) ;
#617 = CARTESIAN_POINT ( 'NONE',  ( -4.915047675963562845, -4.872999999999998444, 0.9177798298667727561 ) ) ;
#618 = AXIS2_PLACEMENT_3D ( 'NONE', #414, #701, #652 ) ;
#619 =( BOUNDED_SURFACE ( )  B_SPLINE_SURFACE ( 3, 2, ( 
 ( #2188, #2685, #1671 ),
 ( #1471, #2431, #456 ),
 ( #715, #203, #2698 ),
 ( #509, #1246, #2634 ),
 ( #945, #476, #993 ),
 ( #1454, #735, #2161 ) ),
 .UNSPECIFIED., .F., .F., .T. ) 
 B_SPLINE_SURFACE_WITH_KNOTS ( ( 4, 2, 4 ),
 ( 3, 3 ),
 ( 0.003184794970794189301, 0.003348229338039055390, 0.003511663705283921046 ),
 ( 0.000000000000000000, 1.000000000000000000 ),
 .UNSPECIFIED. ) 
 GEOMETRIC_REPRESENTATION_ITEM ( )  RATIONAL_B_SPLINE_SURFACE ( (
 ( 1.000000000000000000, 0.9793039081804429946, 1.000000000000000000),
 ( 1.000000000000000000, 0.9828780523241689160, 1.000000000000000000),
 ( 1.000000000000000000, 0.9851084140608064033, 1.000000000000000000),
 ( 1.000000000000000000, 0.9851245459131061644, 1.000000000000000000),
 ( 1.000000000000000000, 0.9829185237676448805, 1.000000000000000000),
 ( 1.000000000000000000, 0.9793039081805435808, 1.000000000000000000) ) ) 
 REPRESENTATION_ITEM ( '' )  SURFACE ( )  );
#620 = DIRECTION ( 'NONE',  ( -0.000000000000000000, 1.000000000000000000, -0.000000000000000000 ) ) ;
#621 = CIRCLE ( 'NONE', #519, 2.500000000000000444 ) ;
#622 = EDGE_CURVE ( 'NONE', #149, #2197, #1390, .T. ) ;
#623 = CARTESIAN_POINT ( 'NONE',  ( 3.335403042527016915, -4.872999999999998444, 3.893740559398061851 ) ) ;
#624 = DIRECTION ( 'NONE',  ( 0.000000000000000000, -0.000000000000000000, -1.000000000000000000 ) ) ;
#625 = AXIS2_PLACEMENT_3D ( 'NONE', #2889, #501, #2195 ) ;
#626 = LINE ( 'NONE', #840, #161 ) ;
#627 = CARTESIAN_POINT ( 'NONE',  ( 0.3224263205677280197, -6.015364375461058621, 0.5008051077373797400 ) ) ;
#628 = ORIENTED_EDGE ( 'NONE', *, *, #2096, .T. ) ;
#629 = ORIENTED_EDGE ( 'NONE', *, *, #1792, .T. ) ;
#630 = VECTOR ( 'NONE', #2332, 1000.000000000000000 ) ;
#631 = CIRCLE ( 'NONE', #479, 1.006249999999995870 ) ;
#632 = DIRECTION ( 'NONE',  ( -1.000000000000000000, 0.000000000000000000, 0.000000000000000000 ) ) ;
#633 = ORIENTED_EDGE ( 'NONE', *, *, #98, .F. ) ;
#634 = CARTESIAN_POINT ( 'NONE',  ( 0.000000000000000000, -6.993749999999997691, 0.000000000000000000 ) ) ;
#635 = CIRCLE ( 'NONE', #1853, 2.500000000000000000 ) ;
#636 = DIRECTION ( 'NONE',  ( -0.000000000000000000, 1.000000000000000000, -0.000000000000000000 ) ) ;
#637 = CIRCLE ( 'NONE', #1445, 2.593749999999996447 ) ;
#638 = CARTESIAN_POINT ( 'NONE',  ( -0.4719792361048591456, -6.069939759036143911, 0.7330965157282792743 ) ) ;
#639 = LINE ( 'NONE', #2304, #3050 ) ;
#640 = DIRECTION ( 'NONE',  ( 0.000000000000000000, 1.000000000000000000, 0.000000000000000000 ) ) ;
#641 = CIRCLE ( 'NONE', #2211, 2.500000000000000000 ) ;
#642 = ADVANCED_FACE ( 'NONE', ( #1859 ), #2714, .F. ) ;
#643 = CARTESIAN_POINT ( 'NONE',  ( 0.1628988450106692576, -5.987500000000001599, 0.2530208249817087474 ) ) ;
#644 = ORIENTED_EDGE ( 'NONE', *, *, #2880, .F. ) ;
#645 = ORIENTED_EDGE ( 'NONE', *, *, #2062, .T. ) ;
#646 = CARTESIAN_POINT ( 'NONE',  ( 0.000000000000000000, -6.072999999999996845, 0.000000000000000000 ) ) ;
#647 = ORIENTED_EDGE ( 'NONE', *, *, #2018, .F. ) ;
#648 = CARTESIAN_POINT ( 'NONE',  ( 0.000000000000000000, 5.709999999999997300, 0.000000000000000000 ) ) ;
#649 = CARTESIAN_POINT ( 'NONE',  ( 1.398987524579102359, -4.790499477521435345, -4.918912331560941986 ) ) ;
#650 = FACE_OUTER_BOUND ( 'NONE', #1628, .T. ) ;
#651 = DIRECTION ( 'NONE',  ( -0.6264363572254083579, 0.7794725719011289522, 0.000000000000000000 ) ) ;
#652 = DIRECTION ( 'NONE',  ( 0.000000000000000000, 0.000000000000000000, -1.000000000000000000 ) ) ;
#653 = CC_DESIGN_DATE_AND_TIME_ASSIGNMENT ( #1516, #2000, ( #2816 ) ) ;
#654 = FACE_OUTER_BOUND ( 'NONE', #2562, .T. ) ;
#655 = ORIENTED_EDGE ( 'NONE', *, *, #520, .F. ) ;
#656 = ADVANCED_FACE ( 'NONE', ( #2116 ), #586, .T. ) ;
#657 = EDGE_LOOP ( 'NONE', ( #1125, #730 ) ) ;
#658 = FACE_OUTER_BOUND ( 'NONE', #1115, .T. ) ;
#659 = ORIENTED_EDGE ( 'NONE', *, *, #2468, .F. ) ;
#660 = CARTESIAN_POINT ( 'NONE',  ( 3.751508776727486172, -4.648140426537048953, 3.488119733579202908 ) ) ;
#661 = TOROIDAL_SURFACE ( 'NONE', #669, 5.127000000000001556, 0.1270000000000000018 ) ;
#662 = DIRECTION ( 'NONE',  ( -1.000000000000000000, 0.000000000000000000, 0.000000000000000000 ) ) ;
#663 = CARTESIAN_POINT ( 'NONE',  ( 0.000000000000000000, -3.800000000000004707, 0.000000000000000000 ) ) ;
#664 = CIRCLE ( 'NONE', #2089, 11.49999999999995381 ) ;
#665 = DIRECTION ( 'NONE',  ( -0.8660254037844363761, 0.000000000000000000, -0.5000000000000041078 ) ) ;
#666 = FACE_OUTER_BOUND ( 'NONE', #2680, .T. ) ;
#667 = CARTESIAN_POINT ( 'NONE',  ( -4.619819081929356130E-15, -5.987500000000001599, -3.110177089835554564E-15 ) ) ;
#668 = CIRCLE ( 'NONE', #2845, 1.028196236133927410 ) ;
#669 = AXIS2_PLACEMENT_3D ( 'NONE', #2292, #2087, #1847 ) ;
#670 = CARTESIAN_POINT ( 'NONE',  ( -3.512081606669777312, -4.773815104564588019, 3.636745169361294661 ) ) ;
#671 = ORIENTED_EDGE ( 'NONE', *, *, #2171, .T. ) ;
#672 = CIRCLE ( 'NONE', #1888, 0.1270000000000003904 ) ;
#673 = CIRCLE ( 'NONE', #2700, 2.500000000000000444 ) ;
#674 = ORIENTED_EDGE ( 'NONE', *, *, #235, .T. ) ;
#675 = EDGE_CURVE ( 'NONE', #1238, #796, #3112, .T. ) ;
#676 = LINE ( 'NONE', #2863, #2356 ) ;
#677 = EDGE_LOOP ( 'NONE', ( #1171, #690, #862, #468, #1718, #461, #671, #629, #471, #2611, #1380, #1379, #2590, #2476, #2773 ) ) ;
#678 = CARTESIAN_POINT ( 'NONE',  ( 4.959616184592374744, -4.791480125321372796, 1.246615106630982739 ) ) ;
#679 = AXIS2_PLACEMENT_3D ( 'NONE', #197, #421, #2392 ) ;
#680 = CARTESIAN_POINT ( 'NONE',  ( -11.49999999999995381, -4.999999999999999112, 0.000000000000000000 ) ) ;
#681 = CARTESIAN_POINT ( 'NONE',  ( 0.1621352109959465215, -6.117823731278772215, 0.6822606201277238158 ) ) ;
#682 = CIRCLE ( 'NONE', #846, 1.006249999999995870 ) ;
#683 = CARTESIAN_POINT ( 'NONE',  ( -4.125000000000003553, -4.999999999999999112, -7.144709581221615480 ) ) ;
#684 = CARTESIAN_POINT ( 'NONE',  ( 8.249999999999998224, -6.199999999999997513, 3.980102097228919925E-16 ) ) ;
#685 = EDGE_CURVE ( 'NONE', #1949, #2494, #2553, .T. ) ;
#686 = DIRECTION ( 'NONE',  ( 0.000000000000000000, 0.000000000000000000, -1.000000000000000000 ) ) ;
#687 = CIRCLE ( 'NONE', #2312, 0.3988905879941250232 ) ;
#688 = CARTESIAN_POINT ( 'NONE',  ( -3.636887489168042276, -4.562357511526474951, 3.442500099488850385 ) ) ;
#689 = EDGE_LOOP ( 'NONE', ( #499, #1897, #1764, #1447 ) ) ;
#690 = ORIENTED_EDGE ( 'NONE', *, *, #1114, .T. ) ;
#691 = CARTESIAN_POINT ( 'NONE',  ( 0.000000000000000000, -4.999999999999999112, 0.000000000000000000 ) ) ;
#692 = ORIENTED_EDGE ( 'NONE', *, *, #2389, .T. ) ;
#693 = EDGE_CURVE ( 'NONE', #1824, #3110, #222, .T. ) ;
#694 = DIRECTION ( 'NONE',  ( 0.000000000000000000, 0.000000000000000000, 1.000000000000000000 ) ) ;
#695 = DIRECTION ( 'NONE',  ( 0.000000000000000000, -1.000000000000000000, 0.000000000000000000 ) ) ;
#696 = CARTESIAN_POINT ( 'NONE',  ( 3.307312046673171579, -4.936250382626192312, 3.787254480262903122 ) ) ;
#697 = AXIS2_PLACEMENT_3D ( 'NONE', #1807, #859, #1819 ) ;
#698 = EDGE_CURVE ( 'NONE', #1083, #2230, #526, .T. ) ;
#699 = CARTESIAN_POINT ( 'NONE',  ( 5.017534683176079646, -6.199999999999997513, 2.896875000000024514 ) ) ;
#700 = CARTESIAN_POINT ( 'NONE',  ( 5.017534683176079646, -6.069939759036143911, 3.295765587994149648 ) ) ;
#701 = DIRECTION ( 'NONE',  ( -0.000000000000000000, 1.000000000000000000, -0.000000000000000000 ) ) ;
#702 = EDGE_CURVE ( 'NONE', #256, #1490, #1299, .T. ) ;
#703 = CARTESIAN_POINT ( 'NONE',  ( 3.420006989765312255, -4.864850344348128353, 3.715111480774418773 ) ) ;
#704 = CARTESIAN_POINT ( 'NONE',  ( -4.173002124677286595, -4.318254639216888791, 2.757511273236612048 ) ) ;
#705 = CARTESIAN_POINT ( 'NONE',  ( 0.000000000000000000, -4.872999999999998444, 0.000000000000000000 ) ) ;
#706 = EDGE_LOOP ( 'NONE', ( #1979, #438, #1962, #198 ) ) ;
#707 = EDGE_LOOP ( 'NONE', ( #1713, #1265, #1, #1542 ) ) ;
#708 = ORIENTED_EDGE ( 'NONE', *, *, #14, .T. ) ;
#709 = CARTESIAN_POINT ( 'NONE',  ( -1.028196236133927410, -6.199999999999997513, -5.793750000000001066 ) ) ;
#710 = VERTEX_POINT ( 'NONE', #1244 ) ;
#711 = CARTESIAN_POINT ( 'NONE',  ( 4.365882626512619602, -4.399979090427968309, 2.692092749818876918 ) ) ;
#712 = CARTESIAN_POINT ( 'NONE',  ( 4.125000000000000000, -6.199999999999997513, 7.144709581221616368 ) ) ;
#713 = DIRECTION ( 'NONE',  ( 0.8660254037844435926, 0.000000000000000000, -0.4999999999999917288 ) ) ;
#714 = DIRECTION ( 'NONE',  ( -0.4999999999999921174, 0.000000000000000000, -0.8660254037844431485 ) ) ;
#715 = CARTESIAN_POINT ( 'NONE',  ( 1.039381961383018860, -6.199999999999996625, -0.6646159461924435741 ) ) ;
#716 = DIRECTION ( 'NONE',  ( 0.000000000000000000, 0.000000000000000000, -1.000000000000000000 ) ) ;
#717 = EDGE_CURVE ( 'NONE', #2877, #1397, #1700, .T. ) ;
#718 = ORIENTED_EDGE ( 'NONE', *, *, #3037, .T. ) ;
#719 = CARTESIAN_POINT ( 'NONE',  ( 3.397802717499651237, -4.845917529418391823, 3.709727345681968824 ) ) ;
#720 = CARTESIAN_POINT ( 'NONE',  ( -4.002595185836751668, -4.370389142245054259, 2.999531673701061329 ) ) ;
#721 = ORIENTED_EDGE ( 'NONE', *, *, #1577, .F. ) ;
#722 = CARTESIAN_POINT ( 'NONE',  ( 4.125000000000000000, -6.199999999999997513, 7.144709581221616368 ) ) ;
#723 = TOROIDAL_SURFACE ( 'NONE', #2949, 5.127000000000001556, 0.1270000000000000018 ) ;
#724 = EDGE_LOOP ( 'NONE', ( #517, #2995, #728, #2372 ) ) ;
#725 = ORIENTED_EDGE ( 'NONE', *, *, #2952, .F. ) ;
#726 = B_SPLINE_CURVE_WITH_KNOTS ( 'NONE', 3,
 ( #1534, #2320, #1373, #2554, #1164, #1889 ),
 .UNSPECIFIED., .F., .F.,
 ( 4, 2, 4 ),
 ( 4.336808689942017255E-19, 0.0001658057451916627599, 0.0003316114903833250862 ),
 .UNSPECIFIED. ) ;
#727 = CIRCLE ( 'NONE', #1089, 0.1270000000000001683 ) ;
#728 = ORIENTED_EDGE ( 'NONE', *, *, #1349, .F. ) ;
#729 = DIRECTION ( 'NONE',  ( 0.000000000000000000, 0.000000000000000000, 1.000000000000000000 ) ) ;
#730 = ORIENTED_EDGE ( 'NONE', *, *, #2310, .T. ) ;
#731 = DIRECTION ( 'NONE',  ( 0.4999999999999906186, 0.000000000000000000, 0.8660254037844440367 ) ) ;
#732 = CARTESIAN_POINT ( 'NONE',  ( 0.5761181467609117757, -4.447762147918057352, -4.974734868465406024 ) ) ;
#733 = DIRECTION ( 'NONE',  ( -1.000000000000000000, -0.000000000000000000, -0.000000000000000000 ) ) ;
#734 = DIRECTION ( 'NONE',  ( -0.000000000000000000, 1.000000000000000000, -0.000000000000000000 ) ) ;
#735 = CARTESIAN_POINT ( 'NONE',  ( 1.021476263766839754, -6.199999999999996625, -0.2186602547728691281 ) ) ;
#736 = AXIS2_PLACEMENT_3D ( 'NONE', #1971, #733, #1213 ) ;
#737 = CARTESIAN_POINT ( 'NONE',  ( 4.477813983182337587, -4.286907157887924313, 2.229731303050368041 ) ) ;
#738 = CIRCLE ( 'NONE', #1449, 0.2500000000000002220 ) ;
#739 = CARTESIAN_POINT ( 'NONE',  ( 3.913595230456378360, -4.409062338509217582, 3.114487214186687059 ) ) ;
#740 = CARTESIAN_POINT ( 'NONE',  ( -4.405149505114331454, -4.304941071516788398, 2.369200697157699320 ) ) ;
#741 = VERTEX_POINT ( 'NONE', #252 ) ;
#742 = EDGE_CURVE ( 'NONE', #2405, #1129, #1951, .T. ) ;
#743 = DIRECTION ( 'NONE',  ( 0.000000000000000000, 1.000000000000000000, 0.000000000000000000 ) ) ;
#744 = ORIENTED_EDGE ( 'NONE', *, *, #2049, .F. ) ;
#745 = VERTEX_POINT ( 'NONE', #2463 ) ;
#746 = AXIS2_PLACEMENT_3D ( 'NONE', #216, #8, #1197 ) ;
#747 = EDGE_CURVE ( 'NONE', #2470, #2983, #1357, .T. ) ;
#748 = ORIENTED_EDGE ( 'NONE', *, *, #268, .T. ) ;
#749 = DIRECTION ( 'NONE',  ( 0.000000000000000000, 0.000000000000000000, -1.000000000000000000 ) ) ;
#750 = CARTESIAN_POINT ( 'NONE',  ( -1.400293716188934834, -4.791549220570002099, -4.918429384130790005 ) ) ;
#751 = DIRECTION ( 'NONE',  ( -0.8660254037844432595, -0.000000000000000000, 0.4999999999999919509 ) ) ;
#752 = CARTESIAN_POINT ( 'NONE',  ( 4.124999999999992895, -6.199999999999997513, -4.644709581221621697 ) ) ;
#753 = CARTESIAN_POINT ( 'NONE',  ( 4.948838319403514596, -4.954317570569783946, 0.9873834248669893787 ) ) ;
#754 = DIRECTION ( 'NONE',  ( 0.000000000000000000, 0.000000000000000000, 1.000000000000000000 ) ) ;
#755 = CARTESIAN_POINT ( 'NONE',  ( 3.544123915957047455, -4.645147309824765536, 3.526456152064156413 ) ) ;
#756 = CARTESIAN_POINT ( 'NONE',  ( -4.330028604591779740, -4.304910853475939270, 2.499345035122713998 ) ) ;
#757 = DIRECTION ( 'NONE',  ( 0.000000000000000000, -1.000000000000000000, 0.000000000000000000 ) ) ;
#758 = DIRECTION ( 'NONE',  ( 0.8660254037844364872, 0.000000000000000000, 0.5000000000000038858 ) ) ;
#759 = ADVANCED_FACE ( 'NONE', ( #10 ), #2881, .T. ) ;
#760 = ORIENTED_EDGE ( 'NONE', *, *, #1241, .T. ) ;
#761 = EDGE_CURVE ( 'NONE', #1701, #860, #1956, .T. ) ;
#762 = ORIENTED_EDGE ( 'NONE', *, *, #1698, .F. ) ;
#763 = DIRECTION ( 'NONE',  ( -0.000000000000000000, 1.000000000000000000, -0.000000000000000000 ) ) ;
#764 = CARTESIAN_POINT ( 'NONE',  ( -1.172262100192292378, -4.533681775332016883, -4.869090620412133141 ) ) ;
#765 = CARTESIAN_POINT ( 'NONE',  ( 4.124999999999992895, -6.199999999999997513, -7.144709581221620809 ) ) ;
#766 = CARTESIAN_POINT ( 'NONE',  ( 8.249999999999998224, -6.199999999999997513, 2.500000000000000444 ) ) ;
#767 = FACE_OUTER_BOUND ( 'NONE', #72, .T. ) ;
#768 = B_SPLINE_CURVE_WITH_KNOTS ( 'NONE', 3,
 ( #199, #678, #2878, #920, #2346, #908, #2851, #711, #2097, #1428, #3054, #660, #2378, #2112 ),
 .UNSPECIFIED., .F., .F.,
 ( 4, 2, 2, 2, 2, 2, 4 ),
 ( 2.168404344971008868E-19, 0.0008996395613994944210, 0.001349459342099242065, 0.001799279122798989492, 0.002249098903498736486, 0.002698918684198484130, 0.003598558245597978551 ),
 .UNSPECIFIED. ) ;
#769 = FACE_OUTER_BOUND ( 'NONE', #3010, .T. ) ;
#770 = CARTESIAN_POINT ( 'NONE',  ( 3.343931535365067376, -4.777944266894114556, 3.719247542328017353 ) ) ;
#771 = CARTESIAN_POINT ( 'NONE',  ( -4.758089484237675748, -4.539605100998917564, 1.580677320066057323 ) ) ;
#772 = DIRECTION ( 'NONE',  ( 0.4999999999999918954, 0.000000000000000000, 0.8660254037844432595 ) ) ;
#773 = CARTESIAN_POINT ( 'NONE',  ( 0.5997997758300801507, -4.453350166944952448, -5.096739273625127353 ) ) ;
#774 = EDGE_LOOP ( 'NONE', ( #1172, #391, #280, #126, #2388 ) ) ;
#775 = AXIS2_PLACEMENT_3D ( 'NONE', #2221, #1216, #1473 ) ;
#776 = VECTOR ( 'NONE', #1063, 1000.000000000000000 ) ;
#777 = AXIS2_PLACEMENT_3D ( 'NONE', #1124, #2063, #904 ) ;
#778 = EDGE_LOOP ( 'NONE', ( #2293, #1567, #1528 ) ) ;
#779 = DIRECTION ( 'NONE',  ( -1.000000000000000000, 0.000000000000000000, -6.829619984160660610E-15 ) ) ;
#780 = CIRCLE ( 'NONE', #2649, 2.500000000000000444 ) ;
#781 = EDGE_CURVE ( 'NONE', #2577, #275, #384, .T. ) ;
#782 = CARTESIAN_POINT ( 'NONE',  ( -5.017534683176119614, -4.872999999999998444, 4.601251718920974731 ) ) ;
#783 = CARTESIAN_POINT ( 'NONE',  ( 5.829944333952782998, -4.971993016631442330, 1.489740208295499135 ) ) ;
#784 = CARTESIAN_POINT ( 'NONE',  ( 4.329873408389597778, -4.271397979814796741, 2.500459421830878437 ) ) ;
#785 = DIRECTION ( 'NONE',  ( 0.000000000000000000, 0.000000000000000000, -1.000000000000000000 ) ) ;
#786 = AXIS2_PLACEMENT_3D ( 'NONE', #942, #1906, #174 ) ;
#787 = ORIENTED_EDGE ( 'NONE', *, *, #995, .T. ) ;
#788 = CARTESIAN_POINT ( 'NONE',  ( -4.475750858981190738, -4.284785939778415376, 2.233860029656683288 ) ) ;
#789 = FACE_OUTER_BOUND ( 'NONE', #3066, .T. ) ;
#790 = CARTESIAN_POINT ( 'NONE',  ( 1.151408923718739041, -4.651176933209385744, -4.991378176649937437 ) ) ;
#791 = AXIS2_PLACEMENT_3D ( 'NONE', #765, #1937, #2900 ) ;
#792 = FACE_OUTER_BOUND ( 'NONE', #1506, .T. ) ;
#793 = ORIENTED_EDGE ( 'NONE', *, *, #1862, .F. ) ;
#794 = ORIENTED_EDGE ( 'NONE', *, *, #1524, .T. ) ;
#795 = AXIS2_PLACEMENT_3D ( 'NONE', #2713, #2919, #2480 ) ;
#796 = VERTEX_POINT ( 'NONE', #991 ) ;
#797 = DIRECTION ( 'NONE',  ( -0.000000000000000000, -0.000000000000000000, 1.000000000000000000 ) ) ;
#798 = TOROIDAL_SURFACE ( 'NONE', #2614, 1.704376718921021050, 0.1270000000000000018 ) ;
#799 = APPROVAL_ROLE ( '' ) ;
#800 = EDGE_CURVE ( 'NONE', #1632, #1882, #2156, .T. ) ;
#801 = DIRECTION ( 'NONE',  ( -0.8660254037844363761, 0.000000000000000000, -0.5000000000000039968 ) ) ;
#802 = LINE ( 'NONE', #1736, #833 ) ;
#803 = CARTESIAN_POINT ( 'NONE',  ( 4.415594879545951201, -4.338356732703855023, 2.378163468593793795 ) ) ;
#804 = DIRECTION ( 'NONE',  ( -0.000000000000000000, 1.000000000000000000, -0.000000000000000000 ) ) ;
#805 = EDGE_CURVE ( 'NONE', #1996, #3008, #1683, .T. ) ;
#806 = VERTEX_POINT ( 'NONE', #2683 ) ;
#807 = CARTESIAN_POINT ( 'NONE',  ( -4.798710075431550592, -4.600381317046451812, 1.450666632629990627 ) ) ;
#808 = DIRECTION ( 'NONE',  ( -0.5000000000000038858, 0.000000000000000000, 0.8660254037844363761 ) ) ;
#809 = CARTESIAN_POINT ( 'NONE',  ( -5.829944333952804314, -4.971993016631442330, 1.489740208295418089 ) ) ;
#810 = CIRCLE ( 'NONE', #602, 0.3988905879941254673 ) ;
#811 = EDGE_CURVE ( 'NONE', #981, #3094, #2970, .T. ) ;
#812 = DIRECTION ( 'NONE',  ( 0.000000000000000000, -0.7919165593733265007, 0.6106293171723025104 ) ) ;
#813 = ORIENTED_EDGE ( 'NONE', *, *, #2326, .F. ) ;
#814 = ORIENTED_EDGE ( 'NONE', *, *, #569, .F. ) ;
#815 = ORIENTED_EDGE ( 'NONE', *, *, #2578, .T. ) ;
#816 = ORIENTED_EDGE ( 'NONE', *, *, #1322, .F. ) ;
#817 = PERSON_AND_ORGANIZATION ( #1932, #84 ) ;
#818 = DIRECTION ( 'NONE',  ( 0.000000000000000000, -1.000000000000000000, 0.000000000000000000 ) ) ;
#819 = DIRECTION ( 'NONE',  ( 1.000000000000000000, 0.000000000000000000, 1.224646799147353207E-16 ) ) ;
#820 = CARTESIAN_POINT ( 'NONE',  ( 4.804143575019225842, -4.533878513111750941, 1.415367351788937800 ) ) ;
#821 = ADVANCED_FACE ( 'NONE', ( #542 ), #2203, .F. ) ;
#822 = DIRECTION ( 'NONE',  ( 0.000000000000000000, 0.000000000000000000, 1.000000000000000000 ) ) ;
#823 = CARTESIAN_POINT ( 'NONE',  ( -4.750000000000000888, -3.800000000000004263, 0.000000000000000000 ) ) ;
#824 = CARTESIAN_POINT ( 'NONE',  ( 0.000000000000000000, -6.993749999999997691, -5.793750000000001066 ) ) ;
#825 = ADVANCED_FACE ( 'NONE', ( #1451 ), #2415, .F. ) ;
#826 = CARTESIAN_POINT ( 'NONE',  ( -4.757834458002223599, -4.501110461252966211, 1.901828704428223382 ) ) ;
#827 = CARTESIAN_POINT ( 'NONE',  ( -4.124999999999997335, -6.199999999999997513, 7.144709581221618144 ) ) ;
#828 = ORIENTED_EDGE ( 'NONE', *, *, #546, .F. ) ;
#829 = ORIENTED_EDGE ( 'NONE', *, *, #246, .F. ) ;
#830 = AXIS2_PLACEMENT_3D ( 'NONE', #926, #1894, #2383 ) ;
#831 = PERSON_AND_ORGANIZATION ( #1932, #84 ) ;
#832 = DIRECTION ( 'NONE',  ( -0.8660254037844370423, -7.463547517245867290E-16, -0.5000000000000027756 ) ) ;
#833 = VECTOR ( 'NONE', #2934, 1000.000000000000000 ) ;
#834 = CARTESIAN_POINT ( 'NONE',  ( 5.017534683176079646, -4.999999999999999112, 4.601251718921045786 ) ) ;
#835 = CARTESIAN_POINT ( 'NONE',  ( 4.747175009300707238, -4.535377650108913805, 1.740257778450151394 ) ) ;
#836 = LINE ( 'NONE', #2257, #2543 ) ;
#837 = CIRCLE ( 'NONE', #2050, 4.750000000000000888 ) ;
#838 = DIRECTION ( 'NONE',  ( 0.000000000000000000, -1.000000000000000000, 0.000000000000000000 ) ) ;
#839 = CARTESIAN_POINT ( 'NONE',  ( -0.3988905879941249677, -6.069939759036143911, -0.7752942663897235409 ) ) ;
#840 = CARTESIAN_POINT ( 'NONE',  ( 1.408343819019450654E-15, 6.199999999999997513, -11.49999999999995381 ) ) ;
#841 = EDGE_CURVE ( 'NONE', #2485, #2386, #1196, .T. ) ;
#842 = FACE_OUTER_BOUND ( 'NONE', #377, .T. ) ;
#843 = ORIENTED_EDGE ( 'NONE', *, *, #1602, .F. ) ;
#844 = TOROIDAL_SURFACE ( 'NONE', #2606, 11.37299999999995492, 0.1270000000000000018 ) ;
#845 = ORIENTED_EDGE ( 'NONE', *, *, #761, .T. ) ;
#846 = AXIS2_PLACEMENT_3D ( 'NONE', #955, #1510, #2876 ) ;
#847 = ORIENTED_EDGE ( 'NONE', *, *, #915, .F. ) ;
#848 = AXIS2_PLACEMENT_3D ( 'NONE', #341, #66, #1787 ) ;
#849 = EDGE_CURVE ( 'NONE', #2758, #120, #2806, .T. ) ;
#850 = CARTESIAN_POINT ( 'NONE',  ( -8.249999999999998224, -6.199999999999997513, 2.500000000000000888 ) ) ;
#851 = DIRECTION ( 'NONE',  ( 0.000000000000000000, 0.000000000000000000, 1.000000000000000000 ) ) ;
#852 = CARTESIAN_POINT ( 'NONE',  ( 4.663166597222262233, -4.440854998503027673, 1.843663120392047272 ) ) ;
#853 = DIRECTION ( 'NONE',  ( -0.000000000000000000, 1.000000000000000000, -0.000000000000000000 ) ) ;
#854 = AXIS2_PLACEMENT_3D ( 'NONE', #3042, #1388, #3073 ) ;
#855 = CARTESIAN_POINT ( 'NONE',  ( -4.866580015989515395, -4.713137789083550189, 1.354949770343418347 ) ) ;
#856 = CARTESIAN_POINT ( 'NONE',  ( 4.209157978689533013E-17, -5.987500000000001599, -7.290475476174111055E-17 ) ) ;
#857 = DIRECTION ( 'NONE',  ( 0.4999999999999902300, 0.000000000000000000, 0.8660254037844442587 ) ) ;
#858 = EDGE_CURVE ( 'NONE', #873, #2701, #738, .T. ) ;
#859 = DIRECTION ( 'NONE',  ( -0.000000000000000000, 1.000000000000000000, -0.000000000000000000 ) ) ;
#860 = VERTEX_POINT ( 'NONE', #592 ) ;
#861 = APPROVAL ( #2250, 'UNSPECIFIED' ) ;
#862 = ORIENTED_EDGE ( 'NONE', *, *, #116, .T. ) ;
#863 = EDGE_CURVE ( 'NONE', #361, #275, #21, .T. ) ;
#864 = CARTESIAN_POINT ( 'NONE',  ( 5.817072295949928412E-16, -4.050000000000004263, -4.750000000000000888 ) ) ;
#865 = ORIENTED_EDGE ( 'NONE', *, *, #1877, .T. ) ;
#866 = DIRECTION ( 'NONE',  ( 0.000000000000000000, 0.000000000000000000, 1.000000000000000000 ) ) ;
#867 = CARTESIAN_POINT ( 'NONE',  ( 4.201009355025918879, -4.437911368582109439, 2.935653780923399570 ) ) ;
#868 = CARTESIAN_POINT ( 'NONE',  ( 8.249999999999998224, -4.999999999999999112, 3.980102097228919925E-16 ) ) ;
#869 = CARTESIAN_POINT ( 'NONE',  ( -4.933514613840695340, -4.936250382626192312, 0.9705890105297975134 ) ) ;
#870 = FACE_BOUND ( 'NONE', #677, .T. ) ;
#871 = FACE_OUTER_BOUND ( 'NONE', #184, .T. ) ;
#872 = CARTESIAN_POINT ( 'NONE',  ( -0.2223231361580017551, -6.199999999999997513, 0.9704961343102380678 ) ) ;
#873 = VERTEX_POINT ( 'NONE', #316 ) ;
#874 = ORIENTED_EDGE ( 'NONE', *, *, #1647, .F. ) ;
#875 = CARTESIAN_POINT ( 'NONE',  ( -0.1573264120406121791, -4.612499999999997158, 1.278091193765642730 ) ) ;
#876 = ORIENTED_EDGE ( 'NONE', *, *, #2326, .T. ) ;
#877 = EDGE_CURVE ( 'NONE', #1838, #1586, #2299, .T. ) ;
#878 = CARTESIAN_POINT ( 'NONE',  ( -1.624819301553394268, -4.971993016631442330, -5.793750000000001066 ) ) ;
#879 = CIRCLE ( 'NONE', #618, 1.624819301553394713 ) ;
#880 = DIRECTION ( 'NONE',  ( 0.000000000000000000, 0.000000000000000000, 1.000000000000000000 ) ) ;
#881 = CIRCLE ( 'NONE', #1942, 0.1269999999999999185 ) ;
#882 = CARTESIAN_POINT ( 'NONE',  ( -5.000001052764252663, -4.971993016631443219, 1.010572231489097250 ) ) ;
#883 = DIRECTION ( 'NONE',  ( 0.000000000000000000, 1.000000000000000000, 0.000000000000000000 ) ) ;
#884 = AXIS2_PLACEMENT_3D ( 'NONE', #1242, #2965, #779 ) ;
#885 = CYLINDRICAL_SURFACE ( 'NONE', #3091, 0.1270000000000001128 ) ;
#886 = EDGE_CURVE ( 'NONE', #1397, #2405, #997, .T. ) ;
#887 = LINE ( 'NONE', #1378, #515 ) ;
#888 = ORIENTED_EDGE ( 'NONE', *, *, #1355, .F. ) ;
#889 = VERTEX_POINT ( 'NONE', #3026 ) ;
#890 = AXIS2_PLACEMENT_3D ( 'NONE', #1921, #1669, #2586 ) ;
#891 = CIRCLE ( 'NONE', #1898, 2.500000000000000444 ) ;
#892 = DIRECTION ( 'NONE',  ( 0.000000000000000000, -1.000000000000000000, 0.000000000000000000 ) ) ;
#893 = ORIENTED_EDGE ( 'NONE', *, *, #151, .F. ) ;
#894 = FACE_OUTER_BOUND ( 'NONE', #1946, .T. ) ;
#895 = DIRECTION ( 'NONE',  ( 0.8660254037844401509, 0.000000000000000000, 0.4999999999999976685 ) ) ;
#896 = ADVANCED_FACE ( 'NONE', ( #1074 ), #1563, .F. ) ;
#897 = AXIS2_PLACEMENT_3D ( 'NONE', #1908, #2672, #2921 ) ;
#898 = DIRECTION ( 'NONE',  ( -0.000000000000000000, 1.000000000000000000, -0.000000000000000000 ) ) ;
#899 = DIRECTION ( 'NONE',  ( 0.6505564740641869292, 0.000000000000000000, -0.7594578816848061020 ) ) ;
#900 = FACE_OUTER_BOUND ( 'NONE', #2593, .T. ) ;
#901 = TOROIDAL_SURFACE ( 'NONE', #596, 11.37299999999995492, 0.1270000000000000018 ) ;
#902 = CARTESIAN_POINT ( 'NONE',  ( 0.6003943881750642975, -6.016083323203392119, 0.02909194002276912702 ) ) ;
#903 = EDGE_CURVE ( 'NONE', #1838, #916, #1303, .T. ) ;
#904 = DIRECTION ( 'NONE',  ( 0.000000000000000000, 0.000000000000000000, 1.000000000000000000 ) ) ;
#905 = ORIENTED_EDGE ( 'NONE', *, *, #1077, .F. ) ;
#906 = VERTEX_POINT ( 'NONE', #850 ) ;
#907 = ORIENTED_EDGE ( 'NONE', *, *, #1084, .F. ) ;
#908 = CARTESIAN_POINT ( 'NONE',  ( 4.583559855738404742, -4.413112814499133840, 2.300368777248448904 ) ) ;
#909 = CARTESIAN_POINT ( 'NONE',  ( 3.252150501063779231, -4.871893742949183093, 3.797840660882737751 ) ) ;
#910 = DIRECTION ( 'NONE',  ( 0.000000000000000000, 0.000000000000000000, 1.000000000000000000 ) ) ;
#911 = CARTESIAN_POINT ( 'NONE',  ( -4.125000000000003553, -4.999999999999999112, -9.644709581221615480 ) ) ;
#912 = DIRECTION ( 'NONE',  ( 0.000000000000000000, 0.000000000000000000, -1.000000000000000000 ) ) ;
#913 = CARTESIAN_POINT ( 'NONE',  ( -3.998479356531772222, -4.338228074024627290, 3.005778627588473473 ) ) ;
#914 = VERTEX_POINT ( 'NONE', #79 ) ;
#915 = EDGE_CURVE ( 'NONE', #2849, #2877, #1806, .T. ) ;
#916 = VERTEX_POINT ( 'NONE', #615 ) ;
#917 = EDGE_LOOP ( 'NONE', ( #1019, #2551, #2742 ) ) ;
#918 = CARTESIAN_POINT ( 'NONE',  ( 0.2048651961456329773, -6.199999999999997513, 1.068979771281095781 ) ) ;
#919 = VERTEX_POINT ( 'NONE', #1588 ) ;
#920 = CARTESIAN_POINT ( 'NONE',  ( 4.759070649424961275, -4.502055314428357491, 1.898657869842538037 ) ) ;
#921 = CYLINDRICAL_SURFACE ( 'NONE', #3021, 2.500000000000000000 ) ;
#922 = DIRECTION ( 'NONE',  ( 0.000000000000000000, -1.000000000000000000, 0.000000000000000000 ) ) ;
#923 = AXIS2_PLACEMENT_3D ( 'NONE', #1408, #1377, #1626 ) ;
#924 = DIRECTION ( 'NONE',  ( 0.000000000000000000, 1.000000000000000000, 0.000000000000000000 ) ) ;
#925 = DIRECTION ( 'NONE',  ( 0.000000000000000000, -1.000000000000000000, 0.000000000000000000 ) ) ;
#926 = CARTESIAN_POINT ( 'NONE',  ( 0.000000000000000000, -6.199999999999997513, 0.000000000000000000 ) ) ;
#927 = AXIS2_PLACEMENT_3D ( 'NONE', #285, #2671, #2731 ) ;
#928 = CARTESIAN_POINT ( 'NONE',  ( -3.467677071137240663, -4.734187878563705709, 3.624937752733211394 ) ) ;
#929 = ORIENTED_EDGE ( 'NONE', *, *, #849, .T. ) ;
#930 = AXIS2_PLACEMENT_3D ( 'NONE', #2630, #1402, #1130 ) ;
#931 = CIRCLE ( 'NONE', #1893, 0.1270000000000003904 ) ;
#932 = EDGE_CURVE ( 'NONE', #1949, #2549, #1103, .T. ) ;
#933 = ORIENTED_EDGE ( 'NONE', *, *, #1015, .F. ) ;
#934 = VERTEX_POINT ( 'NONE', #106 ) ;
#935 = VERTEX_POINT ( 'NONE', #1088 ) ;
#936 = CARTESIAN_POINT ( 'NONE',  ( 1.028196236133927410, -6.199999999999997513, -5.793750000000001066 ) ) ;
#937 = ORIENTED_EDGE ( 'NONE', *, *, #2039, .F. ) ;
#938 = CARTESIAN_POINT ( 'NONE',  ( 5.531632801243047126, -6.199999999999997513, 2.006430939432501948 ) ) ;
#939 = AXIS2_PLACEMENT_3D ( 'NONE', #875, #2801, #1606 ) ;
#940 = ADVANCED_FACE ( 'NONE', ( #1311 ), #2282, .T. ) ;
#941 = CARTESIAN_POINT ( 'NONE',  ( 0.6099642753099828729, -4.328065465694168168, -4.970951049500015984 ) ) ;
#942 = CARTESIAN_POINT ( 'NONE',  ( -5.017534683176119614, -4.872999999999998444, 2.896874999999953904 ) ) ;
#943 = VECTOR ( 'NONE', #2166, 1000.000000000000000 ) ;
#944 = DIRECTION ( 'NONE',  ( 1.000000000000000000, 0.000000000000000000, 0.000000000000000000 ) ) ;
#945 = CARTESIAN_POINT ( 'NONE',  ( 1.137364298782601368, -6.199999999999997513, -0.5306009735106229641 ) ) ;
#946 = DIRECTION ( 'NONE',  ( 0.000000000000000000, 1.000000000000000000, 0.000000000000000000 ) ) ;
#947 = CIRCLE ( 'NONE', #383, 1.028196236133927854 ) ;
#948 = CARTESIAN_POINT ( 'NONE',  ( 3.491479014432799843, -4.763847594566156474, 3.623688009797388698 ) ) ;
#949 = CARTESIAN_POINT ( 'NONE',  ( -4.199655540786713104, -4.438314124992470688, 2.937555026200000086 ) ) ;
#950 = EDGE_LOOP ( 'NONE', ( #1104, #2831, #393, #1820 ) ) ;
#951 =( BOUNDED_SURFACE ( )  B_SPLINE_SURFACE ( 3, 2, ( 
 ( #349, #143, #2253 ),
 ( #2071, #2053, #1609 ),
 ( #2512, #1825, #1342 ),
 ( #3028, #3014, #1090 ) ),
 .UNSPECIFIED., .F., .F., .T. ) 
 B_SPLINE_SURFACE_WITH_KNOTS ( ( 4, 4 ),
 ( 3, 3 ),
 ( 7.443929552942828209, 7.853981633974482790 ),
 ( 0.000000000000000000, 1.000000000000000000 ),
 .UNSPECIFIED. ) 
 GEOMETRIC_REPRESENTATION_ITEM ( )  RATIONAL_B_SPLINE_SURFACE ( (
 ( 1.000000000000000000, 0.9799327174561898168, 1.000000000000000000),
 ( 1.000000000000000000, 0.9927474967024942920, 1.000000000000000000),
 ( 1.000000000000000000, 1.000066934504330263, 1.000000000000000000),
 ( 1.000000000000000000, 1.000000000000000000, 1.000000000000000000) ) ) 
 REPRESENTATION_ITEM ( '' )  SURFACE ( )  );
#952 = CC_DESIGN_APPROVAL ( #1146, ( #1059 ) ) ;
#953 = ORIENTED_EDGE ( 'NONE', *, *, #3131, .F. ) ;
#954 = CC_DESIGN_PERSON_AND_ORGANIZATION_ASSIGNMENT ( #105, #1338, ( #2816 ) ) ;
#955 = CARTESIAN_POINT ( 'NONE',  ( 0.000000000000000000, -6.993749999999997691, -5.793750000000001066 ) ) ;
#956 = ORIENTED_EDGE ( 'NONE', *, *, #2830, .F. ) ;
#957 = SPHERICAL_SURFACE ( 'NONE', #1189, 0.1270000000000000018 ) ;
#958 = EDGE_CURVE ( 'NONE', #1616, #448, #1052, .T. ) ;
#959 = LINE ( 'NONE', #1481, #435 ) ;
#960 = DIRECTION ( 'NONE',  ( 0.000000000000000000, 0.000000000000000000, -1.000000000000000000 ) ) ;
#961 = DIRECTION ( 'NONE',  ( -0.000000000000000000, 1.000000000000000000, -0.000000000000000000 ) ) ;
#962 = CARTESIAN_POINT ( 'NONE',  ( -4.165346323715622745, -4.872999999999997556, 4.372908536204334951 ) ) ;
#963 = CARTESIAN_POINT ( 'NONE',  ( 3.908257069872798528, -4.379290191752989614, 3.121866783671752188 ) ) ;
#964 = CARTESIAN_POINT ( 'NONE',  ( 3.632372416130670523, -4.726744314651164736, 3.552382493966951937 ) ) ;
#965 = CARTESIAN_POINT ( 'NONE',  ( -3.907677700087122119, -4.549276858533644941, 3.257510831135842277 ) ) ;
#966 = EDGE_LOOP ( 'NONE', ( #2726, #3081, #2745, #2247, #2423 ) ) ;
#967 = ORIENTED_EDGE ( 'NONE', *, *, #2225, .F. ) ;
#968 = ORIENTED_EDGE ( 'NONE', *, *, #932, .T. ) ;
#969 = ORIENTED_EDGE ( 'NONE', *, *, #1015, .T. ) ;
#970 = DIRECTION ( 'NONE',  ( 0.7594578816848186475, 3.718776148945947977E-16, -0.6505564740641722743 ) ) ;
#971 = EDGE_LOOP ( 'NONE', ( #1334, #1560, #603, #1607 ) ) ;
#972 = DIRECTION ( 'NONE',  ( -0.8660254037844363761, -0.000000000000000000, -0.5000000000000039968 ) ) ;
#973 = CARTESIAN_POINT ( 'NONE',  ( -0.6008126087284683114, -4.339155784247306968, -4.966015546505252232 ) ) ;
#974 = EDGE_CURVE ( 'NONE', #120, #2758, #1753, .T. ) ;
#975 = DIRECTION ( 'NONE',  ( 0.1836694922936021879, 0.000000000000000000, -0.9829880556754546639 ) ) ;
#976 = CARTESIAN_POINT ( 'NONE',  ( -1.433179475787288659, -4.684303428963580096, -4.796346713010083640 ) ) ;
#977 = CYLINDRICAL_SURFACE ( 'NONE', #2406, 2.500000000000000444 ) ;
#978 = CARTESIAN_POINT ( 'NONE',  ( -0.000000000000000000, -6.993749999999997691, 0.000000000000000000 ) ) ;
#979 = CARTESIAN_POINT ( 'NONE',  ( 3.882210714857176281, -4.534561801301077111, 3.239262818286898327 ) ) ;
#980 = CARTESIAN_POINT ( 'NONE',  ( -3.537267431696144548, -4.787356671929059004, 3.651562403946086999 ) ) ;
#981 = VERTEX_POINT ( 'NONE', #1780 ) ;
#982 = CIRCLE ( 'NONE', #109, 5.000000000000000888 ) ;
#983 = CARTESIAN_POINT ( 'NONE',  ( -1.399924181897632902, -4.791252238067144731, -4.918566004451318641 ) ) ;
#984 = ADVANCED_FACE ( 'NONE', ( #2744 ), #175, .T. ) ;
#985 = CIRCLE ( 'NONE', #2595, 0.1269999999999998908 ) ;
#986 = ORIENTED_EDGE ( 'NONE', *, *, #2062, .F. ) ;
#987 = CIRCLE ( 'NONE', #419, 0.1270000000000001128 ) ;
#988 = EDGE_LOOP ( 'NONE', ( #2091, #25 ) ) ;
#989 = CARTESIAN_POINT ( 'NONE',  ( 0.000000000000000000, -6.199999999999997513, -5.793750000000001066 ) ) ;
#990 = CARTESIAN_POINT ( 'NONE',  ( 1.704376718921021050, -4.999999999999999112, -5.793750000000001066 ) ) ;
#991 = CARTESIAN_POINT ( 'NONE',  ( 4.205125032399375407, -4.971993016631442330, 4.304009791704548782 ) ) ;
#992 = CARTESIAN_POINT ( 'NONE',  ( -0.3253915531931282912, -6.016083323203207378, 0.5054108224376326897 ) ) ;
#993 = CARTESIAN_POINT ( 'NONE',  ( 0.7783185872142663886, -6.092215586828299223, -0.07080736228305954671 ) ) ;
#994 = CIRCLE ( 'NONE', #335, 0.1270000000000000573 ) ;
#995 = EDGE_CURVE ( 'NONE', #906, #149, #1849, .T. ) ;
#996 = CARTESIAN_POINT ( 'NONE',  ( 1.400567311844864910E-15, -4.999999999999999112, -11.37299999999995492 ) ) ;
#997 = CIRCLE ( 'NONE', #73, 1.006249999999995870 ) ;
#998 = CARTESIAN_POINT ( 'NONE',  ( 3.606710929964065393, -4.713137789083550189, 3.537107038224874600 ) ) ;
#999 = CARTESIAN_POINT ( 'NONE',  ( -4.795540230373235069, -4.543707518353942376, 1.421572341255739724 ) ) ;
#1000 = ORIENTED_EDGE ( 'NONE', *, *, #1967, .F. ) ;
#1001 = ADVANCED_FACE ( 'NONE', ( #2317 ), #2269, .T. ) ;
#1002 = CARTESIAN_POINT ( 'NONE',  ( 0.3988905879941249677, -6.069939759036143911, -6.799999999999997158 ) ) ;
#1003 = VERTEX_POINT ( 'NONE', #2730 ) ;
#1004 = CIRCLE ( 'NONE', #2263, 1.587499999999999911 ) ;
#1005 = EDGE_LOOP ( 'NONE', ( #248, #937, #1352 ) ) ;
#1006 = FACE_OUTER_BOUND ( 'NONE', #966, .T. ) ;
#1007 = CYLINDRICAL_SURFACE ( 'NONE', #1156, 1.587499999999999911 ) ;
#1008 = DIRECTION ( 'NONE',  ( 0.000000000000000000, 0.000000000000000000, 1.000000000000000000 ) ) ;
#1009 = CARTESIAN_POINT ( 'NONE',  ( -0.1528621504539376397, -4.272999999999083975, -5.000000000000474287 ) ) ;
#1010 = CYLINDRICAL_SURFACE ( 'NONE', #2251, 2.500000000000000000 ) ;
#1011 = DIRECTION ( 'NONE',  ( 0.000000000000000000, 0.000000000000000000, 1.000000000000000000 ) ) ;
#1012 = CARTESIAN_POINT ( 'NONE',  ( 3.450358449660369864, -4.718245776428153349, 3.620713166093769697 ) ) ;
#1013 = CARTESIAN_POINT ( 'NONE',  ( -4.657774826724203621, -4.377679833239492169, 1.823667321690657595 ) ) ;
#1014 = VERTEX_POINT ( 'NONE', #1663 ) ;
#1015 = EDGE_CURVE ( 'NONE', #1730, #981, #1954, .T. ) ;
#1016 = CARTESIAN_POINT ( 'NONE',  ( 1.400104546304958175, -4.791397190983218479, -4.918499317127659864 ) ) ;
#1017 = EDGE_CURVE ( 'NONE', #914, #710, #631, .T. ) ;
#1018 = ORIENTED_EDGE ( 'NONE', *, *, #841, .T. ) ;
#1019 = ORIENTED_EDGE ( 'NONE', *, *, #2286, .F. ) ;
#1020 = CARTESIAN_POINT ( 'NONE',  ( 0.000000000000000000, -6.993749999999997691, -5.793750000000001066 ) ) ;
#1021 = DIRECTION ( 'NONE',  ( 0.5000000000000038858, 0.000000000000000000, -0.8660254037844363761 ) ) ;
#1022 = DIRECTION ( 'NONE',  ( 0.5000000000000041078, 0.000000000000000000, -0.8660254037844363761 ) ) ;
#1023 = DIRECTION ( 'NONE',  ( 0.000000000000000000, 0.000000000000000000, 1.000000000000000000 ) ) ;
#1024 = CARTESIAN_POINT ( 'NONE',  ( 4.341201392447021412, -4.338386318907302197, 2.506985933352265938 ) ) ;
#1025 = DIRECTION ( 'NONE',  ( 0.5000000000000039968, 0.000000000000000000, -0.8660254037844363761 ) ) ;
#1026 = ORIENTED_EDGE ( 'NONE', *, *, #375, .T. ) ;
#1027 = CARTESIAN_POINT ( 'NONE',  ( -4.514701182486389186, -4.400029435639049247, 2.434275399971824072 ) ) ;
#1028 = DIRECTION ( 'NONE',  ( -0.8660254037844362651, 0.000000000000000000, -0.5000000000000039968 ) ) ;
#1029 = DIRECTION ( 'NONE',  ( 0.000000000000000000, -1.000000000000000000, 0.000000000000000000 ) ) ;
#1030 = CARTESIAN_POINT ( 'NONE',  ( -0.8708698241046385347, -6.069939759036143911, 0.04219775066469566571 ) ) ;
#1031 = ORIENTED_EDGE ( 'NONE', *, *, #1228, .T. ) ;
#1032 = AXIS2_PLACEMENT_3D ( 'NONE', #2635, #445, #946 ) ;
#1033 = ORIENTED_EDGE ( 'NONE', *, *, #1926, .T. ) ;
#1034 = EDGE_CURVE ( 'NONE', #1544, #2708, #2913, .T. ) ;
#1035 = ORIENTED_EDGE ( 'NONE', *, *, #510, .T. ) ;
#1036 = AXIS2_PLACEMENT_3D ( 'NONE', #1685, #2399, #3120 ) ;
#1037 = VERTEX_POINT ( 'NONE', #1631 ) ;
#1038 = SPHERICAL_SURFACE ( 'NONE', #2954, 1.006249999999995870 ) ;
#1039 = AXIS2_PLACEMENT_3D ( 'NONE', #1591, #1783, #2020 ) ;
#1040 = EDGE_CURVE ( 'NONE', #568, #1083, #891, .T. ) ;
#1041 = COORDINATED_UNIVERSAL_TIME_OFFSET ( 6, 0, .BEHIND. ) ;
#1042 = DIRECTION ( 'NONE',  ( -0.4999999999999918954, 0.000000000000000000, -0.8660254037844433705 ) ) ;
#1043 = SPHERICAL_SURFACE ( 'NONE', #1288, 0.1270000000000000018 ) ;
#1044 = CARTESIAN_POINT ( 'NONE',  ( 4.602320327909839470, -4.338228074024627290, 1.959895385469913487 ) ) ;
#1045 = EDGE_CURVE ( 'NONE', #2877, #3110, #2361, .T. ) ;
#1046 = DIRECTION ( 'NONE',  ( 0.000000000000000000, 0.000000000000000000, -1.000000000000000000 ) ) ;
#1047 = AXIS2_PLACEMENT_3D ( 'NONE', #3074, #2837, #2233 ) ;
#1048 = ORIENTED_EDGE ( 'NONE', *, *, #2737, .T. ) ;
#1049 = CARTESIAN_POINT ( 'NONE',  ( -4.757979845560197596, -4.501223755427893991, 1.901453621898427482 ) ) ;
#1050 = CARTESIAN_POINT ( 'NONE',  ( 1.408343819019450654E-15, -6.072999999999996845, -11.49999999999995381 ) ) ;
#1051 = LINE ( 'NONE', #2012, #314 ) ;
#1052 = CIRCLE ( 'NONE', #2005, 0.1270000000000003904 ) ;
#1053 = CARTESIAN_POINT ( 'NONE',  ( -0.7712364324416043360, -6.199999999999999289, -0.5748308220897596632 ) ) ;
#1054 = ORIENTED_EDGE ( 'NONE', *, *, #698, .F. ) ;
#1055 = VECTOR ( 'NONE', #1803, 999.9999999999998863 ) ;
#1056 = CIRCLE ( 'NONE', #1758, 4.750000000000000888 ) ;
#1057 = ORIENTED_EDGE ( 'NONE', *, *, #742, .F. ) ;
#1058 = DIRECTION ( 'NONE',  ( 0.000000000000000000, 0.000000000000000000, -1.000000000000000000 ) ) ;
#1059 = PRODUCT_DEFINITION_FORMATION_WITH_SPECIFIED_SOURCE ( 'ANY', '', #2046, .NOT_KNOWN. ) ;
#1060 = DATE_AND_TIME ( #1530, #1856 ) ;
#1061 = DIRECTION ( 'NONE',  ( 1.224646799147353454E-16, 0.000000000000000000, -1.000000000000000000 ) ) ;
#1062 = ADVANCED_FACE ( 'NONE', ( #658 ), #1837, .T. ) ;
#1063 = DIRECTION ( 'NONE',  ( -0.000000000000000000, 1.000000000000000000, -0.000000000000000000 ) ) ;
#1064 = CARTESIAN_POINT ( 'NONE',  ( 4.658404219598725859, -4.378131658572841367, 1.822116603438878935 ) ) ;
#1065 = CARTESIAN_POINT ( 'NONE',  ( 0.000000000000000000, -4.050000000000004263, 0.000000000000000000 ) ) ;
#1066 = CARTESIAN_POINT ( 'NONE',  ( -4.545420243079119516, -4.376578619650450364, 2.113671294216079133 ) ) ;
#1067 = CARTESIAN_POINT ( 'NONE',  ( 1.408343819019450654E-15, -5.126999999999999780, -11.49999999999995381 ) ) ;
#1068 = DIRECTION ( 'NONE',  ( 0.000000000000000000, 0.000000000000000000, 1.000000000000000000 ) ) ;
#1069 = EDGE_CURVE ( 'NONE', #1882, #1238, #329, .T. ) ;
#1070 = DIRECTION ( 'NONE',  ( 0.4999999999999919509, -0.000000000000000000, 0.8660254037844432595 ) ) ;
#1071 = EDGE_LOOP ( 'NONE', ( #1033, #1728, #2215, #986 ) ) ;
#1072 = ORIENTED_EDGE ( 'NONE', *, *, #877, .F. ) ;
#1073 = APPROVAL_ROLE ( '' ) ;
#1074 = FACE_OUTER_BOUND ( 'NONE', #2895, .T. ) ;
#1075 = CARTESIAN_POINT ( 'NONE',  ( 0.000000000000000000, -4.999999999999999112, 0.000000000000000000 ) ) ;
#1076 = CARTESIAN_POINT ( 'NONE',  ( 4.524204619362873991, -4.398866879603136049, 2.270332694739428003 ) ) ;
#1077 = EDGE_CURVE ( 'NONE', #3052, #1730, #2597, .T. ) ;
#1078 = CARTESIAN_POINT ( 'NONE',  ( -4.405928809069333596, -4.272937076783931865, 2.368772576932424379 ) ) ;
#1079 = ADVANCED_FACE ( 'NONE', ( #2628 ), #2848, .T. ) ;
#1080 = DIRECTION ( 'NONE',  ( 0.000000000000000000, 0.000000000000000000, -1.000000000000000000 ) ) ;
#1081 = DIRECTION ( 'NONE',  ( -0.000000000000000000, -0.000000000000000000, -1.000000000000000000 ) ) ;
#1082 = CARTESIAN_POINT ( 'NONE',  ( 0.3213727964548940275, -6.199999999999996625, 0.9939545211720302031 ) ) ;
#1083 = VERTEX_POINT ( 'NONE', #2819 ) ;
#1084 = EDGE_CURVE ( 'NONE', #256, #2339, #1801, .T. ) ;
#1085 = AXIS2_PLACEMENT_3D ( 'NONE', #32, #1486, #716 ) ;
#1086 = VERTEX_POINT ( 'NONE', #3097 ) ;
#1087 = CIRCLE ( 'NONE', #574, 2.500000000000000444 ) ;
#1088 = CARTESIAN_POINT ( 'NONE',  ( -5.531632801243073772, -6.199999999999997513, 2.006430939432424232 ) ) ;
#1089 = AXIS2_PLACEMENT_3D ( 'NONE', #2616, #1195, #423 ) ;
#1090 = CARTESIAN_POINT ( 'NONE',  ( -9.017640843253271231E-15, -5.987500000000001599, 1.332704706879867057E-15 ) ) ;
#1091 = CARTESIAN_POINT ( 'NONE',  ( 4.439855931074972339, -4.400000050648226413, 2.563943892704990013 ) ) ;
#1092 = CARTESIAN_POINT ( 'NONE',  ( -4.124999999999997335, -4.999999999999999112, 9.644709581221619032 ) ) ;
#1093 = VECTOR ( 'NONE', #281, 1000.000000000000000 ) ;
#1094 = CARTESIAN_POINT ( 'NONE',  ( -1.624819301553394713, -4.971993016631442330, 0.000000000000000000 ) ) ;
#1095 = DIRECTION ( 'NONE',  ( -0.000000000000000000, 1.000000000000000000, -0.000000000000000000 ) ) ;
#1096 = DIRECTION ( 'NONE',  ( 0.000000000000000000, 1.000000000000000000, 0.000000000000000000 ) ) ;
#1097 = ORIENTED_EDGE ( 'NONE', *, *, #2558, .T. ) ;
#1098 = EDGE_CURVE ( 'NONE', #2222, #1756, #676, .T. ) ;
#1099 = VECTOR ( 'NONE', #2032, 1000.000000000000000 ) ;
#1100 = CIRCLE ( 'NONE', #2609, 0.1270000000000001128 ) ;
#1101 = ORIENTED_EDGE ( 'NONE', *, *, #293, .F. ) ;
#1102 = CIRCLE ( 'NONE', #1957, 1.624819301553394713 ) ;
#1103 = LINE ( 'NONE', #2982, #1099 ) ;
#1104 = ORIENTED_EDGE ( 'NONE', *, *, #1943, .F. ) ;
#1105 = CARTESIAN_POINT ( 'NONE',  ( -0.4746511002129965573, -6.070918063027307632, 0.7372465590317534012 ) ) ;
#1106 = CARTESIAN_POINT ( 'NONE',  ( 4.187418162796177512, -4.351217171049012400, 2.759905648804600542 ) ) ;
#1107 = CARTESIAN_POINT ( 'NONE',  ( 0.3057561148965559084, -4.273000000001791143, -4.999999999999075406 ) ) ;
#1108 = AXIS2_PLACEMENT_3D ( 'NONE', #712, #473, #236 ) ;
#1109 = DIRECTION ( 'NONE',  ( 1.000000000000000000, 0.000000000000000000, 0.000000000000000000 ) ) ;
#1110 = DIRECTION ( 'NONE',  ( 0.000000000000000000, 0.000000000000000000, -1.000000000000000000 ) ) ;
#1111 = CARTESIAN_POINT ( 'NONE',  ( -5.017534683176119614, -6.993749999999997691, 2.896874999999953904 ) ) ;
#1112 = DIRECTION ( 'NONE',  ( 0.000000000000000000, 0.000000000000000000, -1.000000000000000000 ) ) ;
#1113 = EDGE_LOOP ( 'NONE', ( #150, #2440, #744, #613 ) ) ;
#1114 = EDGE_CURVE ( 'NONE', #2, #1086, #1384, .T. ) ;
#1115 = EDGE_LOOP ( 'NONE', ( #2309, #1915, #23 ) ) ;
#1116 = DIRECTION ( 'NONE',  ( 0.8660254037844411501, -0.000000000000000000, -0.4999999999999960032 ) ) ;
#1117 = ORIENTED_EDGE ( 'NONE', *, *, #858, .T. ) ;
#1118 = CARTESIAN_POINT ( 'NONE',  ( 0.000000000000000000, -4.050000000000005151, 0.000000000000000000 ) ) ;
#1119 = EDGE_CURVE ( 'NONE', #1756, #74, #124, .T. ) ;
#1120 = DIRECTION ( 'NONE',  ( 0.000000000000000000, 0.000000000000000000, 1.000000000000000000 ) ) ;
#1121 = DIRECTION ( 'NONE',  ( 0.000000000000000000, 0.000000000000000000, -1.000000000000000000 ) ) ;
#1122 = CARTESIAN_POINT ( 'NONE',  ( 0.000000000000000000, -6.993749999999997691, -5.793750000000001066 ) ) ;
#1123 = CARTESIAN_POINT ( 'NONE',  ( 0.4383776567703265292, -6.053627900681145313, -0.2530974581401143064 ) ) ;
#1124 = CARTESIAN_POINT ( 'NONE',  ( 4.125000000000000000, -6.199999999999997513, 7.144709581221616368 ) ) ;
#1125 = ORIENTED_EDGE ( 'NONE', *, *, #1647, .T. ) ;
#1126 = EDGE_LOOP ( 'NONE', ( #4, #2629 ) ) ;
#1127 = EDGE_CURVE ( 'NONE', #889, #1162, #425, .T. ) ;
#1128 = CARTESIAN_POINT ( 'NONE',  ( 0.8708698240989681816, -6.069939759036143911, 0.04219775066143265085 ) ) ;
#1129 = VERTEX_POINT ( 'NONE', #3038 ) ;
#1130 = DIRECTION ( 'NONE',  ( -1.000000000000000000, 0.000000000000000000, 0.000000000000000000 ) ) ;
#1131 = AXIS2_PLACEMENT_3D ( 'NONE', #2276, #2542, #371 ) ;
#1132 = EDGE_CURVE ( 'NONE', #1977, #3110, #2198, .T. ) ;
#1133 = CARTESIAN_POINT ( 'NONE',  ( 0.1573264120405941935, -4.612499999999997158, 1.278091193765644951 ) ) ;
#1134 = AXIS2_PLACEMENT_3D ( 'NONE', #2117, #1453, #714 ) ;
#1135 = DIRECTION ( 'NONE',  ( -0.4999999999999921174, 0.000000000000000000, -0.8660254037844431485 ) ) ;
#1136 = EDGE_CURVE ( 'NONE', #1511, #64, #2469, .T. ) ;
#1137 = CARTESIAN_POINT ( 'NONE',  ( -4.883945379090016914, -4.763847594566156474, 1.211865518380343065 ) ) ;
#1138 = DIRECTION ( 'NONE',  ( -0.5000000000000043299, 0.000000000000000000, 0.8660254037844360431 ) ) ;
#1139 = AXIS2_PLACEMENT_3D ( 'NONE', #1857, #2394, #1887 ) ;
#1140 = DIRECTION ( 'NONE',  ( -0.8660254037844432595, 0.000000000000000000, 0.4999999999999921174 ) ) ;
#1141 = DIRECTION ( 'NONE',  ( 0.000000000000000000, 0.000000000000000000, 1.000000000000000000 ) ) ;
#1142 = EDGE_LOOP ( 'NONE', ( #2327, #1968, #1412, #1855 ) ) ;
#1143 = ORIENTED_EDGE ( 'NONE', *, *, #563, .T. ) ;
#1144 = CIRCLE ( 'NONE', #1398, 2.593749999999996447 ) ;
#1145 = VECTOR ( 'NONE', #437, 1000.000000000000000 ) ;
#1146 = APPROVAL ( #93, 'UNSPECIFIED' ) ;
#1147 = DIRECTION ( 'NONE',  ( 0.000000000000000000, 1.000000000000000000, 0.000000000000000000 ) ) ;
#1148 = ORIENTED_EDGE ( 'NONE', *, *, #3058, .T. ) ;
#1149 = CARTESIAN_POINT ( 'NONE',  ( -8.249999999999998224, -6.199999999999997513, 8.673617379884035472E-16 ) ) ;
#1150 = AXIS2_PLACEMENT_3D ( 'NONE', #2989, #2957, #3003 ) ;
#1151 = DIRECTION ( 'NONE',  ( 0.000000000000000000, 1.000000000000000000, 0.000000000000000000 ) ) ;
#1152 = ADVANCED_FACE ( 'NONE', ( #2093 ), #844, .T. ) ;
#1153 = CARTESIAN_POINT ( 'NONE',  ( 4.165346323715562349, -4.872999999999998444, 4.372908536204394458 ) ) ;
#1154 = CARTESIAN_POINT ( 'NONE',  ( 0.000000000000000000, 6.199999999999997513, 0.000000000000000000 ) ) ;
#1155 = CARTESIAN_POINT ( 'NONE',  ( -9.477188359460555489, -4.999999999999999112, 3.503612535556066554 ) ) ;
#1156 = AXIS2_PLACEMENT_3D ( 'NONE', #524, #454, #1429 ) ;
#1157 = CARTESIAN_POINT ( 'NONE',  ( -5.017534683176119614, -6.993749999999997691, 2.896874999999953904 ) ) ;
#1158 = CARTESIAN_POINT ( 'NONE',  ( -4.207263816274464219, -4.375157234601554812, 2.772290828016647612 ) ) ;
#1159 = ORIENTED_EDGE ( 'NONE', *, *, #2718, .F. ) ;
#1160 = ORIENTED_EDGE ( 'NONE', *, *, #2844, .F. ) ;
#1161 = DIRECTION ( 'NONE',  ( 0.000000000000000000, 1.000000000000000000, 0.000000000000000000 ) ) ;
#1162 = VERTEX_POINT ( 'NONE', #1854 ) ;
#1163 = SPHERICAL_SURFACE ( 'NONE', #2850, 2.593749999999996447 ) ;
#1164 = CARTESIAN_POINT ( 'NONE',  ( 1.137409421484900651, -6.199999999999997513, -0.5305751117492668589 ) ) ;
#1165 = DIRECTION ( 'NONE',  ( 0.5000000000000039968, 0.000000000000000000, -0.8660254037844363761 ) ) ;
#1166 = DIRECTION ( 'NONE',  ( 0.7516202776356757376, 0.6040523883867521260, -0.2649295572999168513 ) ) ;
#1167 = CARTESIAN_POINT ( 'NONE',  ( -5.017534683176119614, -4.612499999999997158, 3.925071236133881314 ) ) ;
#1168 = EDGE_CURVE ( 'NONE', #1221, #1902, #2544, .T. ) ;
#1169 = CARTESIAN_POINT ( 'NONE',  ( -1.509999999999997788, 6.199999999999997513, 0.000000000000000000 ) ) ;
#1170 = CARTESIAN_POINT ( 'NONE',  ( -4.254907704069228913, -4.304880635435090142, 2.629489373087728232 ) ) ;
#1171 = ORIENTED_EDGE ( 'NONE', *, *, #2932, .F. ) ;
#1172 = ORIENTED_EDGE ( 'NONE', *, *, #1668, .T. ) ;
#1173 = ADVANCED_FACE ( 'NONE', ( #792 ), #88, .T. ) ;
#1174 = CARTESIAN_POINT ( 'NONE',  ( 0.000000000000000000, -6.993749999999997691, -5.793750000000001066 ) ) ;
#1175 = ORIENTED_EDGE ( 'NONE', *, *, #1228, .F. ) ;
#1176 = DIRECTION ( 'NONE',  ( 0.9431273739784175048, -0.000000000000000000, -0.3324315816112758948 ) ) ;
#1177 = FACE_BOUND ( 'NONE', #2980, .T. ) ;
#1178 = CARTESIAN_POINT ( 'NONE',  ( -8.249999999999998224, -6.199999999999997513, -2.499999999999999112 ) ) ;
#1179 = VECTOR ( 'NONE', #2791, 1000.000000000000114 ) ;
#1180 = CYLINDRICAL_SURFACE ( 'NONE', #2897, 0.1269999999999999185 ) ;
#1181 = DIRECTION ( 'NONE',  ( 0.4999999999999885092, 0.000000000000000000, 0.8660254037844453689 ) ) ;
#1182 = EDGE_CURVE ( 'NONE', #914, #2983, #682, .T. ) ;
#1183 = CARTESIAN_POINT ( 'NONE',  ( 0.1375748775160401949, -5.987500000000001599, -0.2673941600723496737 ) ) ;
#1184 = CIRCLE ( 'NONE', #2047, 1.028196236133927410 ) ;
#1185 = CARTESIAN_POINT ( 'NONE',  ( 3.929247486377990928, -4.440420949674216189, 3.115293871700698602 ) ) ;
#1186 = ADVANCED_FACE ( 'NONE', ( #1679 ), #1526, .F. ) ;
#1187 = CARTESIAN_POINT ( 'NONE',  ( -4.114693087520519654, -4.463649020550750635, 3.056809920946179648 ) ) ;
#1188 = ORIENTED_EDGE ( 'NONE', *, *, #1964, .T. ) ;
#1189 = AXIS2_PLACEMENT_3D ( 'NONE', #439, #1415, #3117 ) ;
#1190 = EDGE_CURVE ( 'NONE', #514, #2862, #2475, .T. ) ;
#1191 = ORIENTED_EDGE ( 'NONE', *, *, #1829, .F. ) ;
#1192 = AXIS2_PLACEMENT_3D ( 'NONE', #2650, #1277, #43 ) ;
#1193 = DIRECTION ( 'NONE',  ( 0.000000000000000000, 1.000000000000000000, 0.000000000000000000 ) ) ;
#1194 = VERTEX_POINT ( 'NONE', #709 ) ;
#1195 = DIRECTION ( 'NONE',  ( -0.9431273739784169496, 1.610300390232985024E-15, -0.3324315816112774491 ) ) ;
#1196 = CIRCLE ( 'NONE', #2514, 0.1269999999999998908 ) ;
#1197 = DIRECTION ( 'NONE',  ( 5.061456407872468828E-15, 0.000000000000000000, -1.000000000000000000 ) ) ;
#1198 = CARTESIAN_POINT ( 'NONE',  ( 3.329518288912233004, -4.954317570569788387, 3.792127991391866182 ) ) ;
#1199 = FACE_OUTER_BOUND ( 'NONE', #2229, .T. ) ;
#1200 = CARTESIAN_POINT ( 'NONE',  ( 4.503436565109112166, -6.199999999999997513, 3.787319060567546192 ) ) ;
#1201 = CARTESIAN_POINT ( 'NONE',  ( -0.3988905879941249677, -6.069939759036143911, -6.799999999999997158 ) ) ;
#1202 = CARTESIAN_POINT ( 'NONE',  ( 4.145674599894761947, -4.423472058816700248, 2.899680565429687551 ) ) ;
#1203 = CARTESIAN_POINT ( 'NONE',  ( -3.932638723166037131, -4.551102395550307378, 3.277824437120442358 ) ) ;
#1204 = LINE ( 'NONE', #1929, #943 ) ;
#1205 = VECTOR ( 'NONE', #853, 1000.000000000000000 ) ;
#1206 = ORIENTED_EDGE ( 'NONE', *, *, #886, .F. ) ;
#1207 = EDGE_CURVE ( 'NONE', #2459, #2608, #1100, .T. ) ;
#1208 = ORIENTED_EDGE ( 'NONE', *, *, #1918, .T. ) ;
#1209 = CARTESIAN_POINT ( 'NONE',  ( -0.5949231059294485258, -6.015364375461058621, 0.02882683059171188555 ) ) ;
#1210 = ORIENTED_EDGE ( 'NONE', *, *, #2903, .T. ) ;
#1211 = DIRECTION ( 'NONE',  ( -0.000000000000000000, 1.000000000000000000, -0.000000000000000000 ) ) ;
#1212 = AXIS2_PLACEMENT_3D ( 'NONE', #623, #2274, #158 ) ;
#1213 = DIRECTION ( 'NONE',  ( 0.000000000000000000, 0.000000000000000000, 1.000000000000000000 ) ) ;
#1214 = CARTESIAN_POINT ( 'NONE',  ( -3.335403042527071538, -4.872999999999998444, 3.893740559398015222 ) ) ;
#1215 = DIRECTION ( 'NONE',  ( 0.000000000000000000, 0.000000000000000000, -1.000000000000000000 ) ) ;
#1216 = DIRECTION ( 'NONE',  ( -0.000000000000000000, 1.000000000000000000, -0.000000000000000000 ) ) ;
#1217 = CARTESIAN_POINT ( 'NONE',  ( 3.934173985255755568, -4.550278569209093682, 3.276043232549446405 ) ) ;
#1218 = CARTESIAN_POINT ( 'NONE',  ( -4.284617994052907441, -4.412979229434191630, 2.818300131453820079 ) ) ;
#1219 = ORIENTED_EDGE ( 'NONE', *, *, #805, .F. ) ;
#1220 = FACE_OUTER_BOUND ( 'NONE', #1478, .T. ) ;
#1221 = VERTEX_POINT ( 'NONE', #1745 ) ;
#1222 = ADVANCED_FACE ( 'NONE', ( #2756 ), #1781, .T. ) ;
#1223 = ORIENTED_EDGE ( 'NONE', *, *, #140, .T. ) ;
#1224 = CC_DESIGN_DATE_AND_TIME_ASSIGNMENT ( #1294, #346, ( #1788 ) ) ;
#1225 = DIRECTION ( 'NONE',  ( -1.000000000000000000, -0.000000000000000000, -0.000000000000000000 ) ) ;
#1226 = DIRECTION ( 'NONE',  ( -0.000000000000000000, 1.000000000000000000, -0.000000000000000000 ) ) ;
#1227 = DIRECTION ( 'NONE',  ( 0.8660254037844333785, 0.000000000000000000, 0.5000000000000095479 ) ) ;
#1228 = EDGE_CURVE ( 'NONE', #860, #3094, #428, .T. ) ;
#1229 = CARTESIAN_POINT ( 'NONE',  ( -0.1627826966878548609, -5.987500000000001599, 0.2528404188878410896 ) ) ;
#1230 = CARTESIAN_POINT ( 'NONE',  ( -3.335403042527071982, -4.872999999999997556, 3.893740559398014778 ) ) ;
#1231 = CARTESIAN_POINT ( 'NONE',  ( -6.403070863801167079, -4.612499999999997158, 2.509555939432414728 ) ) ;
#1232 = CARTESIAN_POINT ( 'NONE',  ( 3.655669193995791488, -4.600381317046451812, 3.430471514405052158 ) ) ;
#1233 = CARTESIAN_POINT ( 'NONE',  ( -4.791316335511836222, -4.572048843221377723, 1.434405052172110340 ) ) ;
#1234 = DIRECTION ( 'NONE',  ( 0.000000000000000000, 0.000000000000000000, 1.000000000000000000 ) ) ;
#1235 = AXIS2_PLACEMENT_3D ( 'NONE', #2840, #1434, #686 ) ;
#1236 = CYLINDRICAL_SURFACE ( 'NONE', #625, 1.587499999999999911 ) ;
#1237 = TOROIDAL_SURFACE ( 'NONE', #2647, 11.37299999999995492, 0.1270000000000000018 ) ;
#1238 = VERTEX_POINT ( 'NONE', #1776 ) ;
#1239 = CIRCLE ( 'NONE', #2194, 1.006249999999995426 ) ;
#1240 = ORIENTED_EDGE ( 'NONE', *, *, #1285, .T. ) ;
#1241 = EDGE_CURVE ( 'NONE', #1902, #1511, #2785, .T. ) ;
#1242 = CARTESIAN_POINT ( 'NONE',  ( -1.704376718921021050, -4.872999999999997556, -4.835414046387342957 ) ) ;
#1243 = CARTESIAN_POINT ( 'NONE',  ( 5.531632801243047126, -4.612499999999996270, 2.006430939432502836 ) ) ;
#1244 = CARTESIAN_POINT ( 'NONE',  ( 0.3988905879941249122, -6.069939759036143911, -5.793750000000001066 ) ) ;
#1245 = CARTESIAN_POINT ( 'NONE',  ( 6.123233995736767268E-16, 6.199999999999997513, -5.000000000000000888 ) ) ;
#1246 = CARTESIAN_POINT ( 'NONE',  ( 0.8834363090052240741, -6.200000000000046363, -0.3804949351020973092 ) ) ;
#1247 = AXIS2_PLACEMENT_3D ( 'NONE', #2787, #832, #2252 ) ;
#1248 = FACE_OUTER_BOUND ( 'NONE', #298, .T. ) ;
#1249 = EDGE_CURVE ( 'NONE', #1308, #2115, #2201, .T. ) ;
#1250 = CIRCLE ( 'NONE', #2036, 0.1270000000000003904 ) ;
#1251 = CARTESIAN_POINT ( 'NONE',  ( 3.725868655772151872, -4.656462768304345801, 3.460377678464951146 ) ) ;
#1252 = CARTESIAN_POINT ( 'NONE',  ( -4.775683128190309823, -4.561373060354569908, 1.595864514891892405 ) ) ;
#1253 = ORIENTED_EDGE ( 'NONE', *, *, #151, .T. ) ;
#1254 = AXIS2_PLACEMENT_3D ( 'NONE', #1122, #2557, #3088 ) ;
#1255 = CARTESIAN_POINT ( 'NONE',  ( -1.624819301553394268, -4.971993016631443219, -4.835414046387343845 ) ) ;
#1256 = EDGE_LOOP ( 'NONE', ( #2642, #1439, #2891 ) ) ;
#1257 = VECTOR ( 'NONE', #1226, 1000.000000000000000 ) ;
#1258 = ORIENTED_EDGE ( 'NONE', *, *, #1617, .F. ) ;
#1259 = CARTESIAN_POINT ( 'NONE',  ( -8.249999999999998224, -4.999999999999999112, -2.499999999999999112 ) ) ;
#1260 = CARTESIAN_POINT ( 'NONE',  ( -0.3034645914504045527, -4.286428755748630692, -4.993014664576382877 ) ) ;
#1261 = DIRECTION ( 'NONE',  ( 0.000000000000000000, 0.000000000000000000, -1.000000000000000000 ) ) ;
#1262 = CARTESIAN_POINT ( 'NONE',  ( 1.704376718921020828, -4.872999999999998444, -4.835414046387343845 ) ) ;
#1263 = CARTESIAN_POINT ( 'NONE',  ( 4.681638918046155950, -4.463631296818624250, 1.858013603241178924 ) ) ;
#1264 = CARTESIAN_POINT ( 'NONE',  ( 4.915047675963549523, -4.872999999999998444, 0.9177798298668415899 ) ) ;
#1265 = ORIENTED_EDGE ( 'NONE', *, *, #587, .T. ) ;
#1266 = CARTESIAN_POINT ( 'NONE',  ( -4.411341443211628466, -4.400000049953621151, 2.546301352568462129 ) ) ;
#1267 = DIRECTION ( 'NONE',  ( 0.5000000000000037748, 0.000000000000000000, -0.8660254037844364872 ) ) ;
#1268 = EDGE_CURVE ( 'NONE', #119, #422, #1250, .T. ) ;
#1269 = DIRECTION ( 'NONE',  ( -1.000000000000000000, 0.000000000000000000, 0.000000000000000000 ) ) ;
#1270 = DIRECTION ( 'NONE',  ( 0.000000000000000000, -1.000000000000000000, 0.000000000000000000 ) ) ;
#1271 = ORIENTED_EDGE ( 'NONE', *, *, #2827, .F. ) ;
#1272 = ADVANCED_FACE ( 'NONE', ( #2705 ), #661, .F. ) ;
#1273 = ADVANCED_FACE ( 'NONE', ( #654 ), #2438, .T. ) ;
#1274 = ORIENTED_EDGE ( 'NONE', *, *, #1695, .F. ) ;
#1275 = B_SPLINE_CURVE_WITH_KNOTS ( 'NONE', 3,
 ( #638, #2367, #681, #1611 ),
 .UNSPECIFIED., .F., .F.,
 ( 4, 4 ),
 ( 3.447596082660679693E-15, 0.0009520349720277635494 ),
 .UNSPECIFIED. ) ;
#1276 = CARTESIAN_POINT ( 'NONE',  ( 0.000000000000000000, 0.000000000000000000, 0.000000000000000000 ) ) ;
#1277 = DIRECTION ( 'NONE',  ( -0.000000000000000000, 1.000000000000000000, -0.000000000000000000 ) ) ;
#1278 = FACE_OUTER_BOUND ( 'NONE', #616, .T. ) ;
#1279 = CARTESIAN_POINT ( 'NONE',  ( 4.626900329373097698, -4.425696882770105312, 1.992414420925881391 ) ) ;
#1280 = DIRECTION ( 'NONE',  ( 0.000000000000000000, 0.000000000000000000, -1.000000000000000000 ) ) ;
#1281 = ORIENTED_EDGE ( 'NONE', *, *, #2113, .F. ) ;
#1282 = CARTESIAN_POINT ( 'NONE',  ( -4.820575809989706251, -4.596998364180907792, 1.625955417382412227 ) ) ;
#1283 = CARTESIAN_POINT ( 'NONE',  ( -5.017534683176119614, -4.612499999999997158, 2.896874999999953904 ) ) ;
#1284 = CARTESIAN_POINT ( 'NONE',  ( -4.113888723091016608, -4.463952720506483729, 3.057870362196380309 ) ) ;
#1285 = EDGE_CURVE ( 'NONE', #1586, #1511, #2427, .T. ) ;
#1286 = CARTESIAN_POINT ( 'NONE',  ( -0.7793939123960492710, -6.091956766703099824, -0.06949437910114805717 ) ) ;
#1287 = VERTEX_POINT ( 'NONE', #1573 ) ;
#1288 = AXIS2_PLACEMENT_3D ( 'NONE', #1214, #302, #2950 ) ;
#1289 = ADVANCED_FACE ( 'NONE', ( #402 ), #1351, .F. ) ;
#1290 = ORIENTED_EDGE ( 'NONE', *, *, #1480, .F. ) ;
#1291 = DIRECTION ( 'NONE',  ( 1.000000000000000000, 0.000000000000000000, 0.000000000000000000 ) ) ;
#1292 = VECTOR ( 'NONE', #2600, 1000.000000000000000 ) ;
#1293 = EDGE_LOOP ( 'NONE', ( #449, #2741, #2029, #2318 ) ) ;
#1294 = DATE_AND_TIME ( #540, #230 ) ;
#1295 = CARTESIAN_POINT ( 'NONE',  ( -0.8521883594604967582, -4.872999999999998444, -1.476033536204381713 ) ) ;
#1296 = CARTESIAN_POINT ( 'NONE',  ( 1.392790804670279167E-15, -5.126999999999999780, -11.37299999999995492 ) ) ;
#1297 = CARTESIAN_POINT ( 'NONE',  ( 4.729147011420102409, -4.513111766450941253, 1.725484506504148197 ) ) ;
#1298 = CARTESIAN_POINT ( 'NONE',  ( -3.996699690650719283, -4.340532908037785909, 3.008140843534161224 ) ) ;
#1299 = CIRCLE ( 'NONE', #3055, 0.3988905879941250232 ) ;
#1300 = CARTESIAN_POINT ( 'NONE',  ( -4.625893311874107461, -4.425121427263004392, 1.994759622501488749 ) ) ;
#1301 = DIRECTION ( 'NONE',  ( 0.000000000000000000, 0.000000000000000000, -1.000000000000000000 ) ) ;
#1302 = CARTESIAN_POINT ( 'NONE',  ( -5.869723042636616483, -4.999999999999999112, 1.420841463795572412 ) ) ;
#1303 = CIRCLE ( 'NONE', #1247, 1.587500000000000133 ) ;
#1304 = CARTESIAN_POINT ( 'NONE',  ( -1.028196236133928299, -6.199999999999997513, -0.7752942663946945645 ) ) ;
#1305 = ORIENTED_EDGE ( 'NONE', *, *, #1602, .T. ) ;
#1306 = AXIS2_PLACEMENT_3D ( 'NONE', #2604, #883, #2587 ) ;
#1307 = TOROIDAL_SURFACE ( 'NONE', #897, 1.028196236133927410, 1.587499999999999911 ) ;
#1308 = VERTEX_POINT ( 'NONE', #2812 ) ;
#1309 = AXIS2_PLACEMENT_3D ( 'NONE', #1622, #2114, #2140 ) ;
#1310 = ADVANCED_FACE ( 'NONE', ( #842 ), #3103, .T. ) ;
#1311 = FACE_OUTER_BOUND ( 'NONE', #2875, .T. ) ;
#1312 = DIRECTION ( 'NONE',  ( 8.435760679787449033E-16, 0.000000000000000000, -1.000000000000000000 ) ) ;
#1313 = CARTESIAN_POINT ( 'NONE',  ( 4.607997340635940020, -4.402521583600782051, 1.978531258883016175 ) ) ;
#1314 = CARTESIAN_POINT ( 'NONE',  ( -4.657744476826962909, -4.379290191752985173, 1.823716515194080179 ) ) ;
#1315 = ADVANCED_FACE ( 'NONE', ( #1365 ), #148, .F. ) ;
#1316 = CARTESIAN_POINT ( 'NONE',  ( -4.911619481224231087, -4.845917529418391823, 1.087719797561491841 ) ) ;
#1317 = CARTESIAN_POINT ( 'NONE',  ( 1.028196236133927410, -4.612499999999997158, -5.793750000000001066 ) ) ;
#1318 = CYLINDRICAL_SURFACE ( 'NONE', #462, 1.006249999999995870 ) ;
#1319 = DIRECTION ( 'NONE',  ( -0.000000000000000000, 1.000000000000000000, -0.000000000000000000 ) ) ;
#1320 = ORIENTED_EDGE ( 'NONE', *, *, #2157, .T. ) ;
#1321 = EDGE_LOOP ( 'NONE', ( #2832, #1425, #2267, #1271 ) ) ;
#1322 = EDGE_CURVE ( 'NONE', #74, #1756, #1880, .T. ) ;
#1323 = MECHANICAL_CONTEXT ( 'NONE', #580, 'mechanical' ) ;
#1324 = CC_DESIGN_PERSON_AND_ORGANIZATION_ASSIGNMENT ( #831, #1796, ( #1059 ) ) ;
#1325 = DIRECTION ( 'NONE',  ( 1.000000000000000000, 0.000000000000000000, 1.224646799147353207E-16 ) ) ;
#1326 = CARTESIAN_POINT ( 'NONE',  ( -5.017534683176119614, -6.199999999999997513, 2.896874999999953904 ) ) ;
#1327 = CARTESIAN_POINT ( 'NONE',  ( 4.553122745747247180, -4.412796047486780004, 2.286531617846571773 ) ) ;
#1328 = CARTESIAN_POINT ( 'NONE',  ( 0.000000000000000000, 6.199999999999997513, 0.000000000000000000 ) ) ;
#1329 = EDGE_CURVE ( 'NONE', #2454, #796, #887, .T. ) ;
#1330 = DIRECTION ( 'NONE',  ( 0.000000000000000000, 0.000000000000000000, -1.000000000000000000 ) ) ;
#1331 = DIRECTION ( 'NONE',  ( 1.000000000000000000, 0.000000000000000000, 0.000000000000000000 ) ) ;
#1332 = DIRECTION ( 'NONE',  ( -0.8660254037844442587, 0.000000000000000000, 0.4999999999999903411 ) ) ;
#1333 = CARTESIAN_POINT ( 'NONE',  ( 1.704376718921021050, -4.872999999999998444, 0.000000000000000000 ) ) ;
#1334 = ORIENTED_EDGE ( 'NONE', *, *, #309, .F. ) ;
#1335 = AXIS2_PLACEMENT_3D ( 'NONE', #2418, #240, #2175 ) ;
#1336 = ORIENTED_EDGE ( 'NONE', *, *, #2347, .T. ) ;
#1337 = CIRCLE ( 'NONE', #3092, 5.000000000000000888 ) ;
#1338 = PERSON_AND_ORGANIZATION_ROLE ( 'classification_officer' ) ;
#1339 = CARTESIAN_POINT ( 'NONE',  ( 0.000000000000000000, -5.126999999999999780, 0.000000000000000000 ) ) ;
#1340 = ORIENTED_EDGE ( 'NONE', *, *, #2694, .T. ) ;
#1341 = CIRCLE ( 'NONE', #1947, 1.624819301553394713 ) ;
#1342 = CARTESIAN_POINT ( 'NONE',  ( -0.3003575742042742247, -5.987500000000001599, 0.01455374118469454810 ) ) ;
#1343 = CARTESIAN_POINT ( 'NONE',  ( 4.257910558940923629, -4.412570327631626377, 2.798103722932606896 ) ) ;
#1344 = AXIS2_PLACEMENT_3D ( 'NONE', #2321, #3019, #99 ) ;
#1345 = FACE_OUTER_BOUND ( 'NONE', #229, .T. ) ;
#1346 = CIRCLE ( 'NONE', #3099, 2.500000000000000444 ) ;
#1347 = CARTESIAN_POINT ( 'NONE',  ( 5.017534683176079646, -4.971993016631442330, 2.896875000000024514 ) ) ;
#1348 = DIRECTION ( 'NONE',  ( 0.000000000000000000, 0.000000000000000000, -1.000000000000000000 ) ) ;
#1349 = EDGE_CURVE ( 'NONE', #2549, #1463, #2045, .T. ) ;
#1350 = CARTESIAN_POINT ( 'NONE',  ( 0.6719221382704975154, -6.117823850724398937, -0.2007177044342258188 ) ) ;
#1351 = CYLINDRICAL_SURFACE ( 'NONE', #2548, 0.1269999999999999463 ) ;
#1352 = ORIENTED_EDGE ( 'NONE', *, *, #2994, .T. ) ;
#1353 = CIRCLE ( 'NONE', #3111, 0.1269999999999999463 ) ;
#1354 = ORIENTED_EDGE ( 'NONE', *, *, #3135, .T. ) ;
#1355 = EDGE_CURVE ( 'NONE', #2315, #1308, #2828, .T. ) ;
#1356 = ORIENTED_EDGE ( 'NONE', *, *, #811, .T. ) ;
#1357 = CIRCLE ( 'NONE', #736, 1.587500000000000355 ) ;
#1358 = DIRECTION ( 'NONE',  ( 0.4999999999999918399, 0.000000000000000000, 0.8660254037844432595 ) ) ;
#1359 = ORIENTED_EDGE ( 'NONE', *, *, #1367, .F. ) ;
#1360 = CARTESIAN_POINT ( 'NONE',  ( -4.124999999999997335, -6.199999999999997513, 7.144709581221618144 ) ) ;
#1361 = CARTESIAN_POINT ( 'NONE',  ( -4.918190908277855655, -4.918183194682596238, 0.9537945961926609373 ) ) ;
#1362 = CARTESIAN_POINT ( 'NONE',  ( -4.124999999999997335, -4.999999999999999112, 7.144709581221618144 ) ) ;
#1363 = CARTESIAN_POINT ( 'NONE',  ( 0.000000000000000000, -6.199999999999997513, -6.821946236133928920 ) ) ;
#1364 = EDGE_CURVE ( 'NONE', #2983, #710, #810, .T. ) ;
#1365 = FACE_OUTER_BOUND ( 'NONE', #395, .T. ) ;
#1366 = ORIENTED_EDGE ( 'NONE', *, *, #1810, .F. ) ;
#1367 = EDGE_CURVE ( 'NONE', #380, #1701, #2373, .T. ) ;
#1368 = ORIENTED_EDGE ( 'NONE', *, *, #1464, .F. ) ;
#1369 = ADVANCED_FACE ( 'NONE', ( #1674 ), #2342, .F. ) ;
#1370 = CARTESIAN_POINT ( 'NONE',  ( 0.000000000000000000, -4.999999999999999112, 0.000000000000000000 ) ) ;
#1371 = EDGE_LOOP ( 'NONE', ( #305, #2437 ) ) ;
#1372 = DIRECTION ( 'NONE',  ( 0.000000000000000000, 1.000000000000000000, 0.000000000000000000 ) ) ;
#1373 = CARTESIAN_POINT ( 'NONE',  ( 1.039495861969082613, -6.199999999999998401, -0.6643185371252660065 ) ) ;
#1374 = CARTESIAN_POINT ( 'NONE',  ( 8.249999999999998224, -6.199999999999997513, -2.499999999999999556 ) ) ;
#1375 = CARTESIAN_POINT ( 'NONE',  ( -4.833215402007506434, -4.672246075303612578, 1.323146138950293205 ) ) ;
#1376 = DIRECTION ( 'NONE',  ( 0.000000000000000000, 0.000000000000000000, 1.000000000000000000 ) ) ;
#1377 = DIRECTION ( 'NONE',  ( 0.000000000000000000, -1.000000000000000000, 0.000000000000000000 ) ) ;
#1378 = CARTESIAN_POINT ( 'NONE',  ( -0.8124096507767039066, -4.971993016631442330, 1.407134791704524490 ) ) ;
#1379 = ORIENTED_EDGE ( 'NONE', *, *, #404, .T. ) ;
#1380 = ORIENTED_EDGE ( 'NONE', *, *, #693, .F. ) ;
#1381 = ORIENTED_EDGE ( 'NONE', *, *, #1653, .T. ) ;
#1382 = ORIENTED_EDGE ( 'NONE', *, *, #246, .T. ) ;
#1383 = EDGE_CURVE ( 'NONE', #2459, #2454, #3126, .T. ) ;
#1384 = LINE ( 'NONE', #936, #2458 ) ;
#1385 = ORIENTED_EDGE ( 'NONE', *, *, #2402, .T. ) ;
#1386 = CARTESIAN_POINT ( 'NONE',  ( 2.449293598294706414E-16, 6.199999999999997513, -2.000000000000000000 ) ) ;
#1387 = AXIS2_PLACEMENT_3D ( 'NONE', #3138, #1709, #754 ) ;
#1388 = DIRECTION ( 'NONE',  ( 0.000000000000000000, -1.000000000000000000, 0.000000000000000000 ) ) ;
#1389 = AXIS2_PLACEMENT_3D ( 'NONE', #1768, #1707, #44 ) ;
#1390 = LINE ( 'NONE', #1178, #2149 ) ;
#1391 = DIRECTION ( 'NONE',  ( 0.000000000000000000, 0.000000000000000000, 1.000000000000000000 ) ) ;
#1392 = DIRECTION ( 'NONE',  ( 0.000000000000000000, -1.000000000000000000, 0.000000000000000000 ) ) ;
#1393 = CIRCLE ( 'NONE', #2243, 0.1269999999999997242 ) ;
#1394 = CARTESIAN_POINT ( 'NONE',  ( 0.000000000000000000, 5.709999999999997300, 2.000000000000000000 ) ) ;
#1395 = CARTESIAN_POINT ( 'NONE',  ( -4.144337215912783812, -4.423869530771282754, 2.901572343951273947 ) ) ;
#1396 = ORIENTED_EDGE ( 'NONE', *, *, #1355, .T. ) ;
#1397 = VERTEX_POINT ( 'NONE', #1594 ) ;
#1398 = AXIS2_PLACEMENT_3D ( 'NONE', #2099, #2380, #1135 ) ;
#1399 = DIRECTION ( 'NONE',  ( -0.000000000000000000, -0.000000000000000000, -1.000000000000000000 ) ) ;
#1400 = ORIENTED_EDGE ( 'NONE', *, *, #1401, .T. ) ;
#1401 = EDGE_CURVE ( 'NONE', #1868, #2008, #3044, .T. ) ;
#1402 = DIRECTION ( 'NONE',  ( 0.000000000000000000, -0.000000000000000000, -1.000000000000000000 ) ) ;
#1403 = FACE_BOUND ( 'NONE', #2148, .T. ) ;
#1404 = CARTESIAN_POINT ( 'NONE',  ( -5.017534683176119614, -4.612499999999997158, 2.896874999999953904 ) ) ;
#1405 = FACE_OUTER_BOUND ( 'NONE', #689, .T. ) ;
#1406 = FACE_BOUND ( 'NONE', #2325, .T. ) ;
#1407 = AXIS2_PLACEMENT_3D ( 'NONE', #200, #1905, #662 ) ;
#1408 = CARTESIAN_POINT ( 'NONE',  ( 0.000000000000000000, -4.612499999999997158, -5.793750000000001066 ) ) ;
#1409 = ADVANCED_FACE ( 'NONE', ( #1843, #2988 ), #2556, .T. ) ;
#1410 = CARTESIAN_POINT ( 'NONE',  ( -3.654751889527376729, -4.590827651372850760, 3.440601035939049090 ) ) ;
#1411 = ORIENTED_EDGE ( 'NONE', *, *, #1132, .T. ) ;
#1412 = ORIENTED_EDGE ( 'NONE', *, *, #3077, .T. ) ;
#1413 = DIRECTION ( 'NONE',  ( -0.000000000000000000, 1.000000000000000000, -0.000000000000000000 ) ) ;
#1414 = ORIENTED_EDGE ( 'NONE', *, *, #1842, .T. ) ;
#1415 = DIRECTION ( 'NONE',  ( 0.000000000000000000, 1.000000000000000000, 0.000000000000000000 ) ) ;
#1416 = CARTESIAN_POINT ( 'NONE',  ( 1.370232947546782265, -4.771390219881333827, -4.815228201914664830 ) ) ;
#1417 = CYLINDRICAL_SURFACE ( 'NONE', #2761, 1.006249999999996092 ) ;
#1418 = FACE_OUTER_BOUND ( 'NONE', #2329, .T. ) ;
#1419 = CARTESIAN_POINT ( 'NONE',  ( 5.017534683176079646, -6.069939759036143911, 2.896875000000024514 ) ) ;
#1420 = FACE_OUTER_BOUND ( 'NONE', #358, .T. ) ;
#1421 = ADVANCED_FACE ( 'NONE', ( #1553 ), #386, .F. ) ;
#1422 = CARTESIAN_POINT ( 'NONE',  ( 4.061930174568543883, -4.448302786274117793, 3.018200764313094808 ) ) ;
#1423 = CARTESIAN_POINT ( 'NONE',  ( -4.308784367902555701, -4.386053510534023481, 2.657361597824306365 ) ) ;
#1424 = ORIENTED_EDGE ( 'NONE', *, *, #2184, .T. ) ;
#1425 = ORIENTED_EDGE ( 'NONE', *, *, #2382, .F. ) ;
#1426 = CARTESIAN_POINT ( 'NONE',  ( -5.039779761448065720, -4.872999999999998444, 0.9416734869892514626 ) ) ;
#1427 = ORIENTED_EDGE ( 'NONE', *, *, #1635, .T. ) ;
#1428 = CARTESIAN_POINT ( 'NONE',  ( 4.116518229299215292, -4.462961720693560785, 3.054401838628753474 ) ) ;
#1429 = DIRECTION ( 'NONE',  ( -1.000000000000000000, 0.000000000000000000, 0.000000000000000000 ) ) ;
#1430 = DIRECTION ( 'NONE',  ( -0.000000000000000000, 1.000000000000000000, -0.000000000000000000 ) ) ;
#1431 = AXIS2_PLACEMENT_3D ( 'NONE', #3063, #2352, #2370 ) ;
#1432 = CARTESIAN_POINT ( 'NONE',  ( 0.000000000000000000, -4.872999999999998444, 0.000000000000000000 ) ) ;
#1433 = FACE_OUTER_BOUND ( 'NONE', #706, .T. ) ;
#1434 = DIRECTION ( 'NONE',  ( 0.000000000000000000, -1.000000000000000000, 0.000000000000000000 ) ) ;
#1435 = ADVANCED_FACE ( 'NONE', ( #597 ), #1581, .F. ) ;
#1436 = AXIS2_PLACEMENT_3D ( 'NONE', #3002, #838, #1121 ) ;
#1437 = CARTESIAN_POINT ( 'NONE',  ( 3.444802321022907066, -4.878046155167591991, 3.729274219823443648 ) ) ;
#1438 = CARTESIAN_POINT ( 'NONE',  ( -3.252150501063802768, -4.871893742949144013, 3.797840660882717323 ) ) ;
#1439 = ORIENTED_EDGE ( 'NONE', *, *, #1182, .T. ) ;
#1440 = AXIS2_PLACEMENT_3D ( 'NONE', #1149, #1372, #3100 ) ;
#1441 = EDGE_CURVE ( 'NONE', #1632, #380, #1722, .T. ) ;
#1442 = ORIENTED_EDGE ( 'NONE', *, *, #1862, .T. ) ;
#1443 = ORIENTED_EDGE ( 'NONE', *, *, #2439, .T. ) ;
#1444 = ORIENTED_EDGE ( 'NONE', *, *, #2068, .T. ) ;
#1445 = AXIS2_PLACEMENT_3D ( 'NONE', #2143, #1708, #1215 ) ;
#1446 = CARTESIAN_POINT ( 'NONE',  ( -0.7001034673146994125, -6.199999999999995737, -0.7752942663984867533 ) ) ;
#1447 = ORIENTED_EDGE ( 'NONE', *, *, #2152, .F. ) ;
#1448 = CARTESIAN_POINT ( 'NONE',  ( 4.125000000000000000, -6.199999999999997513, 9.644709581221617256 ) ) ;
#1449 = AXIS2_PLACEMENT_3D ( 'NONE', #864, #1325, #1061 ) ;
#1450 = DIRECTION ( 'NONE',  ( -0.000000000000000000, 1.000000000000000000, -0.000000000000000000 ) ) ;
#1451 = FACE_OUTER_BOUND ( 'NONE', #601, .T. ) ;
#1452 = CIRCLE ( 'NONE', #1150, 2.500000000000000444 ) ;
#1453 = DIRECTION ( 'NONE',  ( 0.8660254037844432595, 0.000000000000000000, -0.4999999999999919509 ) ) ;
#1454 = CARTESIAN_POINT ( 'NONE',  ( 1.185522648173173543, -6.199999999999997513, -0.5027969273701846653 ) ) ;
#1455 = CYLINDRICAL_SURFACE ( 'NONE', #1335, 2.000000000000000000 ) ;
#1456 = CIRCLE ( 'NONE', #1598, 1.704376718921021272 ) ;
#1457 = CARTESIAN_POINT ( 'NONE',  ( 4.089156331015122881, -4.343907492987347574, 2.876592268670144836 ) ) ;
#1458 = CARTESIAN_POINT ( 'NONE',  ( -3.837078894436555476, -4.490845882792968702, 3.224593128697999411 ) ) ;
#1459 = ORIENTED_EDGE ( 'NONE', *, *, #958, .T. ) ;
#1460 = APPROVAL_PERSON_ORGANIZATION ( #2967, #861, #799 ) ;
#1461 = CARTESIAN_POINT ( 'NONE',  ( -3.335403042527071538, -4.872999999999998444, 3.893740559398015222 ) ) ;
#1462 = EDGE_CURVE ( 'NONE', #585, #2983, #2341, .T. ) ;
#1463 = VERTEX_POINT ( 'NONE', #2287 ) ;
#1464 = EDGE_CURVE ( 'NONE', #1977, #1397, #639, .T. ) ;
#1465 = ORIENTED_EDGE ( 'NONE', *, *, #375, .F. ) ;
#1466 = DIRECTION ( 'NONE',  ( 0.6052458656529293712, 0.6040523883867517929, -0.5184574757820519242 ) ) ;
#1467 = EDGE_CURVE ( 'NONE', #2566, #1868, #1689, .T. ) ;
#1468 = CARTESIAN_POINT ( 'NONE',  ( -1.603589210116292296, -4.954931093450511526, -4.736281043125026180 ) ) ;
#1469 = CARTESIAN_POINT ( 'NONE',  ( -4.503436565109163681, -4.612499999999997158, 3.787319060567483131 ) ) ;
#1470 = CARTESIAN_POINT ( 'NONE',  ( -1.173289085313929059, -4.534196842280454831, -4.868841235573699855 ) ) ;
#1471 = CARTESIAN_POINT ( 'NONE',  ( 1.028196061895999103, -6.199999999999997513, -0.7203288724363428042 ) ) ;
#1472 = APPLICATION_CONTEXT ( 'configuration controlled 3d designs of mechanical parts and assemblies' ) ;
#1473 = DIRECTION ( 'NONE',  ( 0.000000000000000000, 0.000000000000000000, 1.000000000000000000 ) ) ;
#1474 = CARTESIAN_POINT ( 'NONE',  ( 4.004140401021569318, -4.369795704364984879, 2.997457165689532133 ) ) ;
#1475 = CARTESIAN_POINT ( 'NONE',  ( -4.804223655911798119, -4.550278569209093682, 1.769072997864604924 ) ) ;
#1476 = CARTESIAN_POINT ( 'NONE',  ( 0.3002682491903875817, -4.400194198299859139, -5.126891898628947786 ) ) ;
#1477 = ORIENTED_EDGE ( 'NONE', *, *, #1268, .T. ) ;
#1478 = EDGE_LOOP ( 'NONE', ( #2757, #2842, #1985 ) ) ;
#1479 = DIRECTION ( 'NONE',  ( -0.000000000000000000, 1.000000000000000000, -0.000000000000000000 ) ) ;
#1480 = EDGE_CURVE ( 'NONE', #326, #2230, #317, .T. ) ;
#1481 = CARTESIAN_POINT ( 'NONE',  ( -8.249999999999998224, -6.199999999999997513, 2.500000000000000888 ) ) ;
#1482 = AXIS2_PLACEMENT_3D ( 'NONE', #2531, #1096, #3022 ) ;
#1483 = CARTESIAN_POINT ( 'NONE',  ( 0.05556880205823379326, -6.199999999999998401, 1.232389091759201749 ) ) ;
#1484 = DIRECTION ( 'NONE',  ( 0.8660254037844324904, 5.060921906456812960E-15, 0.5000000000000107692 ) ) ;
#1485 = DIRECTION ( 'NONE',  ( 0.8660254037844363761, -0.000000000000000000, 0.5000000000000039968 ) ) ;
#1486 = DIRECTION ( 'NONE',  ( 0.000000000000000000, -1.000000000000000000, 0.000000000000000000 ) ) ;
#1487 = TOROIDAL_SURFACE ( 'NONE', #923, 1.028196236133927410, 1.587499999999999911 ) ;
#1488 = CARTESIAN_POINT ( 'NONE',  ( 3.561159309429335451, -4.800983523871529712, 3.664492132256110590 ) ) ;
#1489 = CARTESIAN_POINT ( 'NONE',  ( -4.436148527254695217, -4.362263669448068981, 2.389599841853625506 ) ) ;
#1490 = VERTEX_POINT ( 'NONE', #1670 ) ;
#1491 = CIRCLE ( 'NONE', #111, 5.127000000000001556 ) ;
#1492 = CIRCLE ( 'NONE', #884, 0.1269999999999999463 ) ;
#1493 = ORIENTED_EDGE ( 'NONE', *, *, #1322, .T. ) ;
#1494 = VECTOR ( 'NONE', #67, 1000.000000000000000 ) ;
#1495 = ORIENTED_EDGE ( 'NONE', *, *, #466, .T. ) ;
#1496 = DIRECTION ( 'NONE',  ( -0.000000000000000000, 1.000000000000000000, -0.000000000000000000 ) ) ;
#1497 = CARTESIAN_POINT ( 'NONE',  ( -0.7321402336154607671, -4.501171727369507103, -5.071285895836021851 ) ) ;
#1498 = EDGE_CURVE ( 'NONE', #552, #1996, #1184, .T. ) ;
#1499 = CARTESIAN_POINT ( 'NONE',  ( -0.05542774555614838478, -6.199999999999994849, 1.232359969453354687 ) ) ;
#1500 = CARTESIAN_POINT ( 'NONE',  ( 0.000000000000000000, -5.126999999999999780, 0.000000000000000000 ) ) ;
#1501 = CARTESIAN_POINT ( 'NONE',  ( 4.381991896232002581, -4.386082472159706036, 2.530531161141647889 ) ) ;
#1502 = AXIS2_PLACEMENT_3D ( 'NONE', #1426, #1116, #2080 ) ;
#1503 = CARTESIAN_POINT ( 'NONE',  ( 3.252782370320867145, -4.872999999999998444, 3.797289408424089796 ) ) ;
#1504 = ORIENTED_EDGE ( 'NONE', *, *, #209, .F. ) ;
#1505 = CARTESIAN_POINT ( 'NONE',  ( -4.597944252753629613, -4.369795704364983990, 1.968958724759500845 ) ) ;
#1506 = EDGE_LOOP ( 'NONE', ( #417, #2199, #815, #721 ) ) ;
#1507 = AXIS2_PLACEMENT_3D ( 'NONE', #2502, #400, #2856 ) ;
#1508 = CARTESIAN_POINT ( 'NONE',  ( 5.017534683176079646, -6.993749999999997691, 2.896875000000024514 ) ) ;
#1509 = ADVANCED_FACE ( 'NONE', ( #217 ), #418, .F. ) ;
#1510 = DIRECTION ( 'NONE',  ( -1.000000000000000000, -1.224646799147353207E-16, 0.000000000000000000 ) ) ;
#1511 = VERTEX_POINT ( 'NONE', #2620 ) ;
#1512 = EDGE_LOOP ( 'NONE', ( #1879, #2727, #1340, #793 ) ) ;
#1513 =( GEOMETRIC_REPRESENTATION_CONTEXT ( 3 ) GLOBAL_UNCERTAINTY_ASSIGNED_CONTEXT ( ( #3102 ) ) GLOBAL_UNIT_ASSIGNED_CONTEXT ( ( #3133, #123, #2743 ) ) REPRESENTATION_CONTEXT ( 'NONE', 'WORKASPACE' ) );
#1514 = ORIENTED_EDGE ( 'NONE', *, *, #1285, .F. ) ;
#1515 = CARTESIAN_POINT ( 'NONE',  ( 0.3988905879941249677, -6.069939759036143911, -0.7752942663962394398 ) ) ;
#1516 = DATE_AND_TIME ( #2298, #2722 ) ;
#1517 = CARTESIAN_POINT ( 'NONE',  ( 4.124999999999992895, -6.199999999999997513, -7.144709581221620809 ) ) ;
#1518 = CARTESIAN_POINT ( 'NONE',  ( -0.7500591704290746620, -4.379455373765614112, -4.945499651662238705 ) ) ;
#1519 = CARTESIAN_POINT ( 'NONE',  ( 4.336981496859392493, -4.400029031950086100, 2.675064570081089332 ) ) ;
#1520 = FACE_OUTER_BOUND ( 'NONE', #3071, .T. ) ;
#1521 = ORIENTED_EDGE ( 'NONE', *, *, #1687, .T. ) ;
#1522 = CARTESIAN_POINT ( 'NONE',  ( -4.582085424567160281, -4.412750343589176616, 2.303326716922694306 ) ) ;
#1523 = DIRECTION ( 'NONE',  ( -0.000000000000000000, 1.000000000000000000, -0.000000000000000000 ) ) ;
#1524 = EDGE_CURVE ( 'NONE', #919, #2961, #443, .T. ) ;
#1525 = CARTESIAN_POINT ( 'NONE',  ( -3.747769231986167071, -4.650542818136711887, 3.492082327362968197 ) ) ;
#1526 = CYLINDRICAL_SURFACE ( 'NONE', #2061, 2.500000000000000444 ) ;
#1527 = ORIENTED_EDGE ( 'NONE', *, *, #1666, .F. ) ;
#1528 = ORIENTED_EDGE ( 'NONE', *, *, #385, .F. ) ;
#1529 = FACE_OUTER_BOUND ( 'NONE', #950, .T. ) ;
#1530 = CALENDAR_DATE ( 2026, 8, 1 ) ;
#1531 = CARTESIAN_POINT ( 'NONE',  ( -5.017534683176119614, -4.999999999999999112, 2.896874999999953904 ) ) ;
#1532 = CARTESIAN_POINT ( 'NONE',  ( 0.000000000000000000, -4.872999999999998444, 0.000000000000000000 ) ) ;
#1533 = CARTESIAN_POINT ( 'NONE',  ( 4.700111238870049668, -4.486407595134220827, 1.872364086090310797 ) ) ;
#1534 = CARTESIAN_POINT ( 'NONE',  ( 1.028196236133927410, -6.199999999999997513, -0.7752942663962385517 ) ) ;
#1535 = ORIENTED_EDGE ( 'NONE', *, *, #1190, .F. ) ;
#1536 = CARTESIAN_POINT ( 'NONE',  ( -4.710318430286732472, -4.490013025336566876, 1.712929262587588264 ) ) ;
#1537 = DIRECTION ( 'NONE',  ( -0.8660254037844432595, -0.000000000000000000, 0.4999999999999919509 ) ) ;
#1538 = SPHERICAL_SURFACE ( 'NONE', #2290, 2.593749999999996447 ) ;
#1539 = ADVANCED_FACE ( 'NONE', ( #1418 ), #723, .F. ) ;
#1540 = CARTESIAN_POINT ( 'NONE',  ( 4.125000000000000000, -4.999999999999999112, 7.144709581221616368 ) ) ;
#1541 = ORIENTED_EDGE ( 'NONE', *, *, #2775, .T. ) ;
#1542 = ORIENTED_EDGE ( 'NONE', *, *, #135, .F. ) ;
#1543 = CIRCLE ( 'NONE', #2451, 0.1270000000000001683 ) ;
#1544 = VERTEX_POINT ( 'NONE', #2416 ) ;
#1545 = CIRCLE ( 'NONE', #2599, 1.624819301553394713 ) ;
#1546 = APPLICATION_PROTOCOL_DEFINITION ( 'international standard', 'config_control_design', 1994, #1472 ) ;
#1547 = ADVANCED_FACE ( 'NONE', ( #1405 ), #1180, .F. ) ;
#1548 = CARTESIAN_POINT ( 'NONE',  ( -5.017534683176119614, -6.993749999999997691, 2.896874999999953904 ) ) ;
#1549 = CARTESIAN_POINT ( 'NONE',  ( -1.028196236133085861, -6.199999999999997513, -0.7197378976614129398 ) ) ;
#1550 = CARTESIAN_POINT ( 'NONE',  ( 4.703010481080738714, -4.460456002909876538, 1.696460670701166018 ) ) ;
#1551 = DIRECTION ( 'NONE',  ( -0.000000000000000000, 1.000000000000000000, -0.000000000000000000 ) ) ;
#1552 = AXIS2_PLACEMENT_3D ( 'NONE', #2218, #284, #1022 ) ;
#1553 = FACE_OUTER_BOUND ( 'NONE', #2122, .T. ) ;
#1554 = FACE_OUTER_BOUND ( 'NONE', #3107, .T. ) ;
#1555 = FACE_OUTER_BOUND ( 'NONE', #2359, .T. ) ;
#1556 = VECTOR ( 'NONE', #801, 999.9999999999998863 ) ;
#1557 = CARTESIAN_POINT ( 'NONE',  ( -0.8708698241098606907, -6.069939759033522897, 0.04219775067466771667 ) ) ;
#1558 = VERTEX_POINT ( 'NONE', #2142 ) ;
#1559 = AXIS2_PLACEMENT_3D ( 'NONE', #430, #1595, #3032 ) ;
#1560 = ORIENTED_EDGE ( 'NONE', *, *, #133, .F. ) ;
#1561 = CIRCLE ( 'NONE', #1407, 0.1269999999999999463 ) ;
#1562 = ADVANCED_FACE ( 'NONE', ( #1199 ), #2160, .T. ) ;
#1563 = CYLINDRICAL_SURFACE ( 'NONE', #2056, 0.1270000000000001128 ) ;
#1564 = DIRECTION ( 'NONE',  ( 0.000000000000000000, -1.000000000000000000, 0.000000000000000000 ) ) ;
#1565 = CARTESIAN_POINT ( 'NONE',  ( 4.711119013539497580, -4.490845882792968702, 1.710711234558144778 ) ) ;
#1566 = CARTESIAN_POINT ( 'NONE',  ( -4.802920399092311499, -4.533791141050095064, 1.419175040926710984 ) ) ;
#1567 = ORIENTED_EDGE ( 'NONE', *, *, #2249, .T. ) ;
#1568 = ORIENTED_EDGE ( 'NONE', *, *, #227, .T. ) ;
#1569 = DIRECTION ( 'NONE',  ( -0.000000000000000000, -0.000000000000000000, 1.000000000000000000 ) ) ;
#1570 = DIRECTION ( 'NONE',  ( -0.000000000000000000, 1.000000000000000000, -0.000000000000000000 ) ) ;
#1571 = PRODUCT_DEFINITION_SHAPE ( 'NONE', 'NONE',  #1788 ) ;
#1572 = CARTESIAN_POINT ( 'NONE',  ( -5.017534683176119614, -5.987500000000001599, 2.896874999999953904 ) ) ;
#1573 = CARTESIAN_POINT ( 'NONE',  ( 1.527397707000971816E-11, -4.273000000000000576, -5.000000000000000888 ) ) ;
#1574 = ORIENTED_EDGE ( 'NONE', *, *, #781, .F. ) ;
#1575 = ORIENTED_EDGE ( 'NONE', *, *, #2827, .T. ) ;
#1576 = DIRECTION ( 'NONE',  ( -1.224646799147354193E-16, 0.000000000000000000, -1.000000000000000000 ) ) ;
#1577 = EDGE_CURVE ( 'NONE', #2457, #919, #2445, .T. ) ;
#1578 = CYLINDRICAL_SURFACE ( 'NONE', #1587, 2.593749999999996447 ) ;
#1579 = CARTESIAN_POINT ( 'NONE',  ( 4.254362742959547639, -4.304941071516789286, 2.630371030318588765 ) ) ;
#1580 = DIRECTION ( 'NONE',  ( 0.000000000000000000, 0.000000000000000000, 1.000000000000000000 ) ) ;
#1581 = SPHERICAL_SURFACE ( 'NONE', #469, 1.006249999999995870 ) ;
#1582 = CARTESIAN_POINT ( 'NONE',  ( 1.028196236133927410, -4.612499999999997158, -0.7752942663962389958 ) ) ;
#1583 = CARTESIAN_POINT ( 'NONE',  ( 0.4719792361217500787, -6.069939759033523785, 0.7330965157310900260 ) ) ;
#1584 = ORIENTED_EDGE ( 'NONE', *, *, #2815, .T. ) ;
#1585 = AXIS2_PLACEMENT_3D ( 'NONE', #564, #1332, #857 ) ;
#1586 = VERTEX_POINT ( 'NONE', #2603 ) ;
#1587 = AXIS2_PLACEMENT_3D ( 'NONE', #634, #2536, #95 ) ;
#1588 = CARTESIAN_POINT ( 'NONE',  ( -4.205125032399435803, -4.971993016631442330, 4.304009791704489274 ) ) ;
#1589 = ORIENTED_EDGE ( 'NONE', *, *, #1045, .F. ) ;
#1590 = CIRCLE ( 'NONE', #579, 2.000000000000000000 ) ;
#1591 = CARTESIAN_POINT ( 'NONE',  ( 0.000000000000000000, -4.999999999999999112, 0.000000000000000000 ) ) ;
#1592 = FACE_BOUND ( 'NONE', #154, .T. ) ;
#1593 = ADVANCED_FACE ( 'NONE', ( #3075 ), #3104, .F. ) ;
#1594 = CARTESIAN_POINT ( 'NONE',  ( -4.818089389179060156, -6.069939759036143911, 3.242324382533379623 ) ) ;
#1595 = DIRECTION ( 'NONE',  ( 0.000000000000000000, -1.000000000000000000, 0.000000000000000000 ) ) ;
#1596 = CARTESIAN_POINT ( 'NONE',  ( -5.017534683176119614, -4.400000000000001243, 2.896874999999953904 ) ) ;
#1597 = EDGE_CURVE ( 'NONE', #1083, #568, #621, .T. ) ;
#1598 = AXIS2_PLACEMENT_3D ( 'NONE', #2570, #922, #2868 ) ;
#1599 = CARTESIAN_POINT ( 'NONE',  ( -0.1573264120392660059, -6.199999999999997513, 1.278091193764864908 ) ) ;
#1600 = ORIENTED_EDGE ( 'NONE', *, *, #1666, .T. ) ;
#1601 = AXIS2_PLACEMENT_3D ( 'NONE', #1517, #29, #1008 ) ;
#1602 = EDGE_CURVE ( 'NONE', #2222, #1680, #2503, .T. ) ;
#1603 = AXIS2_PLACEMENT_3D ( 'NONE', #191, #413, #1392 ) ;
#1604 = VERTEX_POINT ( 'NONE', #429 ) ;
#1605 = EDGE_LOOP ( 'NONE', ( #787, #2625 ) ) ;
#1606 = DIRECTION ( 'NONE',  ( 0.4999999999999930056, 0.000000000000000000, 0.8660254037844427044 ) ) ;
#1607 = ORIENTED_EDGE ( 'NONE', *, *, #761, .F. ) ;
#1608 = APPROVAL_PERSON_ORGANIZATION ( #817, #584, #2947 ) ;
#1609 = CARTESIAN_POINT ( 'NONE',  ( -0.6003943881751532263, -6.016083323203174515, 0.02909194002339322502 ) ) ;
#1610 = CARTESIAN_POINT ( 'NONE',  ( 1.662157908056388633, -4.872999999999998444, -4.715636869892085414 ) ) ;
#1611 = CARTESIAN_POINT ( 'NONE',  ( 0.4719792361104922507, -6.069939759036143911, 0.7330965157315428860 ) ) ;
#1612 = CARTESIAN_POINT ( 'NONE',  ( -4.892639691799842261, -4.726744314651164736, 1.369535541391522893 ) ) ;
#1613 = CARTESIAN_POINT ( 'NONE',  ( -5.017534683176119614, -4.999999999999999112, 4.601251718920974731 ) ) ;
#1614 = DIRECTION ( 'NONE',  ( -0.000000000000000000, 1.000000000000000000, 0.000000000000000000 ) ) ;
#1615 = CARTESIAN_POINT ( 'NONE',  ( 0.1573264120405725719, -6.199999999999997513, 1.278091193765686473 ) ) ;
#1616 = VERTEX_POINT ( 'NONE', #1875 ) ;
#1617 = EDGE_CURVE ( 'NONE', #3025, #2016, #2652, .T. ) ;
#1618 = ORIENTED_EDGE ( 'NONE', *, *, #1524, .F. ) ;
#1619 = DIRECTION ( 'NONE',  ( 0.000000000000000000, -1.000000000000000000, 0.000000000000000000 ) ) ;
#1620 = ORIENTED_EDGE ( 'NONE', *, *, #1731, .F. ) ;
#1621 = CARTESIAN_POINT ( 'NONE',  ( 1.185522648174527349, -4.612499999999996270, -0.5027969273694002927 ) ) ;
#1622 = CARTESIAN_POINT ( 'NONE',  ( -5.039779761448064832, -4.872999999999998444, 0.9416734869892509074 ) ) ;
#1623 = CARTESIAN_POINT ( 'NONE',  ( 3.285105804434110155, -4.918183194682597126, 3.782380969133940063 ) ) ;
#1624 = DIRECTION ( 'NONE',  ( 0.000000000000000000, 1.000000000000000000, 0.000000000000000000 ) ) ;
#1625 = SPHERICAL_SURFACE ( 'NONE', #1603, 1.006249999999995870 ) ;
#1626 = DIRECTION ( 'NONE',  ( 0.000000000000000000, 0.000000000000000000, -1.000000000000000000 ) ) ;
#1627 = CARTESIAN_POINT ( 'NONE',  ( -3.820683277888780705, -4.460456002909876538, 3.224696215529794241 ) ) ;
#1628 = EDGE_LOOP ( 'NONE', ( #245, #1240, #2121, #2777, #2719, #121 ) ) ;
#1629 = EDGE_CURVE ( 'NONE', #312, #1982, #881, .T. ) ;
#1630 = ORIENTED_EDGE ( 'NONE', *, *, #3058, .F. ) ;
#1631 = CARTESIAN_POINT ( 'NONE',  ( -1.185522648174533566, -6.199999999999997513, -0.5027969273694089525 ) ) ;
#1632 = VERTEX_POINT ( 'NONE', #1860 ) ;
#1633 = DIRECTION ( 'NONE',  ( 0.000000000000000000, 0.000000000000000000, 1.000000000000000000 ) ) ;
#1634 = AXIS2_PLACEMENT_3D ( 'NONE', #595, #1551, #1580 ) ;
#1635 = EDGE_CURVE ( 'NONE', #745, #2008, #59, .T. ) ;
#1636 = CARTESIAN_POINT ( 'NONE',  ( 8.249999999999998224, -6.199999999999997513, 3.980102097228919925E-16 ) ) ;
#1637 = AXIS2_PLACEMENT_3D ( 'NONE', #352, #130, #1109 ) ;
#1638 = DIRECTION ( 'NONE',  ( 0.8660254037844363761, -0.000000000000000000, 0.5000000000000041078 ) ) ;
#1639 = DIRECTION ( 'NONE',  ( -0.5000000000000043299, 0.000000000000000000, 0.8660254037844360431 ) ) ;
#1640 = FACE_BOUND ( 'NONE', #1605, .T. ) ;
#1641 = CIRCLE ( 'NONE', #2455, 1.028196236133927854 ) ;
#1642 = CARTESIAN_POINT ( 'NONE',  ( 0.4011486988676639664, -6.070918063027304967, -0.7796831902345504606 ) ) ;
#1643 = CARTESIAN_POINT ( 'NONE',  ( -3.949906440007012964, -4.463631296818624250, 3.125411432753256946 ) ) ;
#1644 = ORIENTED_EDGE ( 'NONE', *, *, #1653, .F. ) ;
#1645 = ORIENTED_EDGE ( 'NONE', *, *, #510, .F. ) ;
#1646 = AXIS2_PLACEMENT_3D ( 'NONE', #1531, #1823, #556 ) ;
#1647 = EDGE_CURVE ( 'NONE', #1811, #1990, #2547, .T. ) ;
#1648 = CC_DESIGN_PERSON_AND_ORGANIZATION_ASSIGNMENT ( #57, #2996, ( #1059 ) ) ;
#1649 = AXIS2_PLACEMENT_3D ( 'NONE', #1540, #325, #2264 ) ;
#1650 = DIRECTION ( 'NONE',  ( -0.000000000000000000, 1.000000000000000000, -0.000000000000000000 ) ) ;
#1651 = ORIENTED_EDGE ( 'NONE', *, *, #2775, .F. ) ;
#1652 = FACE_OUTER_BOUND ( 'NONE', #1005, .T. ) ;
#1653 = EDGE_CURVE ( 'NONE', #570, #2608, #2092, .T. ) ;
#1654 = CIRCLE ( 'NONE', #279, 2.500000000000000000 ) ;
#1655 = DIRECTION ( 'NONE',  ( 0.000000000000000000, 0.000000000000000000, 1.000000000000000000 ) ) ;
#1656 = CYLINDRICAL_SURFACE ( 'NONE', #219, 1.587499999999999911 ) ;
#1657 = DIRECTION ( 'NONE',  ( 0.000000000000000000, 0.000000000000000000, 1.000000000000000000 ) ) ;
#1658 = FACE_BOUND ( 'NONE', #988, .T. ) ;
#1659 = PLANE ( 'NONE',  #2442 ) ;
#1660 = CARTESIAN_POINT ( 'NONE',  ( -3.285105804434141685, -4.918183194682576698, 3.782380969133905424 ) ) ;
#1661 = EDGE_LOOP ( 'NONE', ( #2905, #2338, #1219, #1851 ) ) ;
#1662 = ORIENTED_EDGE ( 'NONE', *, *, #2615, .T. ) ;
#1663 = CARTESIAN_POINT ( 'NONE',  ( -1.028196236133927410, -6.199999999999997513, -0.7752942663962516523 ) ) ;
#1664 = ORIENTED_EDGE ( 'NONE', *, *, #2844, .T. ) ;
#1665 = SPHERICAL_SURFACE ( 'NONE', #1139, 0.1270000000000000018 ) ;
#1666 = EDGE_CURVE ( 'NONE', #2230, #326, #1087, .T. ) ;
#1667 = CARTESIAN_POINT ( 'NONE',  ( -1.432477671550751230, -4.683725084323935306, -4.796594083512489171 ) ) ;
#1668 = EDGE_CURVE ( 'NONE', #1558, #3025, #1543, .T. ) ;
#1669 = DIRECTION ( 'NONE',  ( 0.000000000000000000, 0.000000000000000000, 1.000000000000000000 ) ) ;
#1670 = CARTESIAN_POINT ( 'NONE',  ( 5.362984065709503589, -6.069939759036143911, 3.096320293997088413 ) ) ;
#1671 = CARTESIAN_POINT ( 'NONE',  ( 0.3988905879881053940, -6.069939759033527338, -0.7752942664057468347 ) ) ;
#1672 = CARTESIAN_POINT ( 'NONE',  ( 8.249999999999998224, -6.199999999999997513, -2.499999999999999556 ) ) ;
#1673 = CARTESIAN_POINT ( 'NONE',  ( 3.747951456481964705, -4.539605100998917564, 3.330287706796379421 ) ) ;
#1674 = FACE_OUTER_BOUND ( 'NONE', #1321, .T. ) ;
#1675 = ORIENTED_EDGE ( 'NONE', *, *, #180, .F. ) ;
#1676 = ORIENTED_EDGE ( 'NONE', *, *, #2636, .T. ) ;
#1677 = ORIENTED_EDGE ( 'NONE', *, *, #140, .F. ) ;
#1678 = ORIENTED_EDGE ( 'NONE', *, *, #1731, .T. ) ;
#1679 = FACE_OUTER_BOUND ( 'NONE', #182, .T. ) ;
#1680 = VERTEX_POINT ( 'NONE', #752 ) ;
#1681 = LINE ( 'NONE', #522, #63 ) ;
#1682 = CARTESIAN_POINT ( 'NONE',  ( -0.1573264120406118183, -6.199999999999997513, 1.278091193765643174 ) ) ;
#1683 = LINE ( 'NONE', #301, #2563 ) ;
#1684 = CIRCLE ( 'NONE', #518, 0.2500000000000002220 ) ;
#1685 = CARTESIAN_POINT ( 'NONE',  ( 5.017534683176079646, -4.872999999999998444, 2.896875000000024514 ) ) ;
#1686 = CARTESIAN_POINT ( 'NONE',  ( 5.869723042636597832, -4.999999999999999112, 1.420841463795654125 ) ) ;
#1687 = EDGE_CURVE ( 'NONE', #2278, #2929, #802, .T. ) ;
#1688 = DIRECTION ( 'NONE',  ( -0.000000000000000000, -0.000000000000000000, -1.000000000000000000 ) ) ;
#1689 = CIRCLE ( 'NONE', #1637, 2.593749999999996447 ) ;
#1690 = CARTESIAN_POINT ( 'NONE',  ( 3.513655482353354564, -4.783584355571539604, 3.629619032748714336 ) ) ;
#1691 = CARTESIAN_POINT ( 'NONE',  ( -4.171268546243120490, -4.285026270505659873, 2.760989595585363165 ) ) ;
#1692 = ORIENTED_EDGE ( 'NONE', *, *, #1383, .T. ) ;
#1693 = CIRCLE ( 'NONE', #321, 1.587499999999999911 ) ;
#1694 = EDGE_CURVE ( 'NONE', #860, #981, #985, .T. ) ;
#1695 = EDGE_CURVE ( 'NONE', #3113, #2577, #2752, .T. ) ;
#1696 = CARTESIAN_POINT ( 'NONE',  ( -4.365497625748565369, -4.400020960884052812, 2.692712975935047215 ) ) ;
#1697 = ORIENTED_EDGE ( 'NONE', *, *, #1098, .F. ) ;
#1698 = EDGE_CURVE ( 'NONE', #1811, #1463, #493, .T. ) ;
#1699 = ORIENTED_EDGE ( 'NONE', *, *, #800, .F. ) ;
#1700 = CIRCLE ( 'NONE', #327, 1.587500000000000133 ) ;
#1701 = VERTEX_POINT ( 'NONE', #783 ) ;
#1702 = DIRECTION ( 'NONE',  ( 0.5000000000000039968, -1.224646799147353454E-16, -0.8660254037844362651 ) ) ;
#1703 = AXIS2_PLACEMENT_3D ( 'NONE', #186, #632, #1161 ) ;
#1704 = CARTESIAN_POINT ( 'NONE',  ( 4.915047675963549523, -4.872999999999998444, 0.9177798298668415899 ) ) ;
#1705 = CARTESIAN_POINT ( 'NONE',  ( -5.869723042636616483, -4.872999999999997556, 1.420841463795571746 ) ) ;
#1706 = AXIS2_PLACEMENT_3D ( 'NONE', #1317, #2288, #1818 ) ;
#1707 = DIRECTION ( 'NONE',  ( -0.000000000000000000, 1.000000000000000000, -0.000000000000000000 ) ) ;
#1708 = DIRECTION ( 'NONE',  ( 1.000000000000000000, 0.000000000000000000, 0.000000000000000000 ) ) ;
#1709 = DIRECTION ( 'NONE',  ( -1.000000000000000000, 0.000000000000000000, 0.000000000000000000 ) ) ;
#1710 = ADVANCED_FACE ( 'NONE', ( #1278 ), #2447, .T. ) ;
#1711 = CARTESIAN_POINT ( 'NONE',  ( 3.791850093497391772, -4.583141019710222253, 3.345573597186781711 ) ) ;
#1712 = CARTESIAN_POINT ( 'NONE',  ( -4.503561263674538573, -4.374929251204147107, 2.259330908332477961 ) ) ;
#1713 = ORIENTED_EDGE ( 'NONE', *, *, #2969, .F. ) ;
#1714 = CIRCLE ( 'NONE', #2363, 5.127000000000001556 ) ;
#1715 = CARTESIAN_POINT ( 'NONE',  ( -0.7311347063680919689, -4.500871485156976881, -5.071448468388253694 ) ) ;
#1716 = EDGE_CURVE ( 'NONE', #1287, #745, #2057, .T. ) ;
#1717 = ORIENTED_EDGE ( 'NONE', *, *, #1040, .F. ) ;
#1718 = ORIENTED_EDGE ( 'NONE', *, *, #5, .T. ) ;
#1719 = CARTESIAN_POINT ( 'NONE',  ( -1.185522648174533566, -4.612499999999997158, -0.5027969273694090635 ) ) ;
#1720 = CARTESIAN_POINT ( 'NONE',  ( -0.1456372852582337174, -4.400029545372152739, -4.999984701183362468 ) ) ;
#1721 = DIRECTION ( 'NONE',  ( -0.8660254037844363761, 0.000000000000000000, -0.5000000000000039968 ) ) ;
#1722 = CIRCLE ( 'NONE', #164, 1.624819301553394713 ) ;
#1723 = CARTESIAN_POINT ( 'NONE',  ( 0.000000000000000000, 6.199999999999997513, -1.509999999999997788 ) ) ;
#1724 = CARTESIAN_POINT ( 'NONE',  ( 4.933514613840678464, -4.936250382626180766, 0.9705890105298472514 ) ) ;
#1725 = DIRECTION ( 'NONE',  ( -0.8660254037844363761, 0.000000000000000000, -0.5000000000000041078 ) ) ;
#1726 = CARTESIAN_POINT ( 'NONE',  ( 3.749414649297532875, -4.659362948270984184, 3.480886423002062191 ) ) ;
#1727 = CARTESIAN_POINT ( 'NONE',  ( -4.330398084632500755, -4.271397979814795853, 2.499550655920646403 ) ) ;
#1728 = ORIENTED_EDGE ( 'NONE', *, *, #3093, .F. ) ;
#1729 = CARTESIAN_POINT ( 'NONE',  ( 5.017534683176079646, -5.987500000000001599, 2.896875000000024514 ) ) ;
#1730 = VERTEX_POINT ( 'NONE', #2482 ) ;
#1731 = EDGE_CURVE ( 'NONE', #1287, #873, #1972, .T. ) ;
#1732 = VERTEX_POINT ( 'NONE', #766 ) ;
#1733 = CARTESIAN_POINT ( 'NONE',  ( 5.017534683176079646, -6.993749999999997691, 2.896875000000024514 ) ) ;
#1734 = CARTESIAN_POINT ( 'NONE',  ( -0.5723436096416470997, -4.459838600458928326, -4.969233701147111937 ) ) ;
#1735 = DIRECTION ( 'NONE',  ( 0.8660254037844404840, -2.561107494060206314E-15, -0.4999999999999970024 ) ) ;
#1736 = CARTESIAN_POINT ( 'NONE',  ( -1.704376718921020384, -4.999999999999999112, 0.000000000000000000 ) ) ;
#1737 = DIRECTION ( 'NONE',  ( 0.000000000000000000, 0.000000000000000000, 1.000000000000000000 ) ) ;
#1738 = ADVANCED_FACE ( 'NONE', ( #2697 ), #1237, .T. ) ;
#1739 = DIRECTION ( 'NONE',  ( -0.000000000000000000, 1.000000000000000000, -0.000000000000000000 ) ) ;
#1740 = CARTESIAN_POINT ( 'NONE',  ( 3.375181751210830416, -4.971993016631443219, 3.824841814898216175 ) ) ;
#1741 = CARTESIAN_POINT ( 'NONE',  ( -4.406485668142694045, -4.271428834021067544, 2.367731152338733214 ) ) ;
#1742 = DIRECTION ( 'NONE',  ( 0.000000000000000000, -1.000000000000000000, 0.000000000000000000 ) ) ;
#1743 = CIRCLE ( 'NONE', #2139, 2.500000000000000000 ) ;
#1744 = AXIS2_PLACEMENT_3D ( 'NONE', #75, #797, #1291 ) ;
#1745 = CARTESIAN_POINT ( 'NONE',  ( -0.3988905879941249677, -6.069939759036143911, -0.7752942663897235409 ) ) ;
#1746 = ORIENTED_EDGE ( 'NONE', *, *, #2762, .T. ) ;
#1747 = AXIS2_PLACEMENT_3D ( 'NONE', #1508, #2958, #758 ) ;
#1748 = ORIENTED_EDGE ( 'NONE', *, *, #288, .F. ) ;
#1749 = ADVANCED_FACE ( 'NONE', ( #2187 ), #1043, .F. ) ;
#1750 = DIRECTION ( 'NONE',  ( -1.000000000000000000, 0.000000000000000000, 0.000000000000000000 ) ) ;
#1751 = ADVANCED_FACE ( 'NONE', ( #2715 ), #2993, .T. ) ;
#1752 = CARTESIAN_POINT ( 'NONE',  ( 4.365494927426332161, -4.400029435639049247, 2.692708214542926637 ) ) ;
#1753 = CIRCLE ( 'NONE', #378, 11.49999999999995381 ) ;
#1754 = CARTESIAN_POINT ( 'NONE',  ( 4.804908716465674523, -4.536929299493070111, 1.412681929346267129 ) ) ;
#1755 = TOROIDAL_SURFACE ( 'NONE', #483, 5.127000000000001556, 0.1270000000000000018 ) ;
#1756 = VERTEX_POINT ( 'NONE', #318 ) ;
#1757 = CARTESIAN_POINT ( 'NONE',  ( -4.662547376335788307, -4.440420949674216189, 1.845181205109119427 ) ) ;
#1758 = AXIS2_PLACEMENT_3D ( 'NONE', #663, #1430, #442 ) ;
#1759 = SPHERICAL_SURFACE ( 'NONE', #372, 1.006249999999995870 ) ;
#1760 = CARTESIAN_POINT ( 'NONE',  ( -0.9524413280705832374, -6.199999999999926459, -0.2918565617721509131 ) ) ;
#1761 = ORIENTED_EDGE ( 'NONE', *, *, #781, .T. ) ;
#1762 = ORIENTED_EDGE ( 'NONE', *, *, #2256, .T. ) ;
#1763 = CIRCLE ( 'NONE', #1812, 1.587500000000000133 ) ;
#1764 = ORIENTED_EDGE ( 'NONE', *, *, #1383, .F. ) ;
#1765 = CARTESIAN_POINT ( 'NONE',  ( -4.125000000000003553, -4.999999999999999112, -4.644709581221614592 ) ) ;
#1766 = COORDINATED_UNIVERSAL_TIME_OFFSET ( 6, 0, .BEHIND. ) ;
#1767 = DIRECTION ( 'NONE',  ( 0.000000000000000000, 0.000000000000000000, 1.000000000000000000 ) ) ;
#1768 = CARTESIAN_POINT ( 'NONE',  ( 0.000000000000000000, 6.199999999999997513, 0.000000000000000000 ) ) ;
#1769 = CARTESIAN_POINT ( 'NONE',  ( 4.897825069607526949, -4.649999018635542214, 1.500692223712452478 ) ) ;
#1770 = CARTESIAN_POINT ( 'NONE',  ( -1.704376718921021050, -4.999999999999999112, -5.793750000000001066 ) ) ;
#1771 = EDGE_CURVE ( 'NONE', #120, #2708, #672, .T. ) ;
#1772 = ORIENTED_EDGE ( 'NONE', *, *, #3043, .F. ) ;
#1773 = CARTESIAN_POINT ( 'NONE',  ( -4.362107210084818831, -4.362234395533503672, 2.517874221435481008 ) ) ;
#1774 = DIRECTION ( 'NONE',  ( 0.000000000000000000, 0.000000000000000000, -1.000000000000000000 ) ) ;
#1775 = CARTESIAN_POINT ( 'NONE',  ( 0.000000000000000000, -4.872999999999998444, 0.000000000000000000 ) ) ;
#1776 = CARTESIAN_POINT ( 'NONE',  ( 4.165346323715562349, -4.999999999999999112, 4.372908536204394458 ) ) ;
#1777 = ORIENTED_EDGE ( 'NONE', *, *, #209, .T. ) ;
#1778 = ORIENTED_EDGE ( 'NONE', *, *, #2762, .F. ) ;
#1779 = DIRECTION ( 'NONE',  ( 0.000000000000000000, 0.000000000000000000, 1.000000000000000000 ) ) ;
#1780 = CARTESIAN_POINT ( 'NONE',  ( 5.039779761448052398, -4.999999999999999112, 0.9416734869893209625 ) ) ;
#1781 =( BOUNDED_SURFACE ( )  B_SPLINE_SURFACE ( 3, 2, ( 
 ( #1995, #535, #1557 ),
 ( #68, #1760, #1286 ),
 ( #2244, #213, #2506 ),
 ( #2028, #1053, #2154 ),
 ( #2644, #3115, #470 ),
 ( #1304, #1446, #565 ) ),
 .UNSPECIFIED., .F., .F., .T. ) 
 B_SPLINE_SURFACE_WITH_KNOTS ( ( 4, 2, 4 ),
 ( 3, 3 ),
 ( 0.003184794998034791002, 0.003348229366685781874, 0.003511663735336773180 ),
 ( 0.000000000000000000, 1.000000000000000000 ),
 .UNSPECIFIED. ) 
 GEOMETRIC_REPRESENTATION_ITEM ( )  RATIONAL_B_SPLINE_SURFACE ( (
 ( 1.000000000000000000, 0.9793039081804424395, 1.000000000000000000),
 ( 1.000000000000000000, 0.9828780523384387235, 1.000000000000000000),
 ( 1.000000000000000000, 0.9851084140740978823, 1.000000000000000000),
 ( 1.000000000000000000, 0.9851245458999656757, 1.000000000000000000),
 ( 1.000000000000000000, 0.9829185237617009685, 1.000000000000000000),
 ( 1.000000000000000000, 0.9793039081805431367, 1.000000000000000000) ) ) 
 REPRESENTATION_ITEM ( '' )  SURFACE ( )  );
#1782 = ORIENTED_EDGE ( 'NONE', *, *, #1877, .F. ) ;
#1783 = DIRECTION ( 'NONE',  ( -0.000000000000000000, 1.000000000000000000, -0.000000000000000000 ) ) ;
#1784 = CARTESIAN_POINT ( 'NONE',  ( 4.474575876183532586, -4.318254639216888791, 2.235170213398641970 ) ) ;
#1785 = CARTESIAN_POINT ( 'NONE',  ( -3.625872796513932794, -4.536929299493070111, 3.454832046651401978 ) ) ;
#1786 = CARTESIAN_POINT ( 'NONE',  ( -4.849897708998510915, -4.692691932193581827, 1.339047954646855887 ) ) ;
#1787 = DIRECTION ( 'NONE',  ( -1.000000000000000000, 0.000000000000000000, 1.365923996832132122E-14 ) ) ;
#1788 = PRODUCT_DEFINITION ( 'UNKNOWN', '', #1059, #1873 ) ;
#1789 = CARTESIAN_POINT ( 'NONE',  ( -5.000001052764252663, -4.971993016631443219, 1.010572231489097472 ) ) ;
#1790 = CARTESIAN_POINT ( 'NONE',  ( -4.124999999999997335, -6.199999999999997513, 9.644709581221619032 ) ) ;
#1791 = ORIENTED_EDGE ( 'NONE', *, *, #1842, .F. ) ;
#1792 = EDGE_CURVE ( 'NONE', #935, #2849, #668, .T. ) ;
#1793 = VECTOR ( 'NONE', #475, 1000.000000000000000 ) ;
#1794 = ORIENTED_EDGE ( 'NONE', *, *, #1034, .T. ) ;
#1795 = CIRCLE ( 'NONE', #3051, 5.000000000000000888 ) ;
#1796 = PERSON_AND_ORGANIZATION_ROLE ( 'design_supplier' ) ;
#1797 = DIRECTION ( 'NONE',  ( 0.000000000000000000, -1.000000000000000000, 0.000000000000000000 ) ) ;
#1798 = FACE_OUTER_BOUND ( 'NONE', #1865, .T. ) ;
#1799 = CARTESIAN_POINT ( 'NONE',  ( 4.889340611832489358, -4.754001491564146420, 1.206903433109232315 ) ) ;
#1800 = LINE ( 'NONE', #2767, #1179 ) ;
#1801 = CIRCLE ( 'NONE', #679, 1.006249999999996092 ) ;
#1802 = DIRECTION ( 'NONE',  ( -0.8660254037844432595, -0.000000000000000000, 0.4999999999999919509 ) ) ;
#1803 = DIRECTION ( 'NONE',  ( 0.8660254037844363761, 0.000000000000000000, 0.5000000000000039968 ) ) ;
#1804 = ADVANCED_FACE ( 'NONE', ( #2319 ), #951, .T. ) ;
#1805 = CARTESIAN_POINT ( 'NONE',  ( -4.703448700268013205, -4.462961720693559009, 2.037808442400455888 ) ) ;
#1806 = CIRCLE ( 'NONE', #2766, 1.028196236133927410 ) ;
#1807 = CARTESIAN_POINT ( 'NONE',  ( 5.017534683176079646, -4.971993016631442330, 2.896875000000024514 ) ) ;
#1808 = ORIENTED_EDGE ( 'NONE', *, *, #331, .F. ) ;
#1809 = CIRCLE ( 'NONE', #1507, 1.624819301553394713 ) ;
#1810 = EDGE_CURVE ( 'NONE', #22, #312, #1491, .T. ) ;
#1811 = VERTEX_POINT ( 'NONE', #606 ) ;
#1812 = AXIS2_PLACEMENT_3D ( 'NONE', #1243, #2202, #1021 ) ;
#1813 = APPROVAL_DATE_TIME ( #333, #584 ) ;
#1814 = DIRECTION ( 'NONE',  ( -0.000000000000000000, 1.000000000000000000, -0.000000000000000000 ) ) ;
#1815 = FACE_OUTER_BOUND ( 'NONE', #3084, .T. ) ;
#1816 = CARTESIAN_POINT ( 'NONE',  ( 4.546402552514789974, -4.376984586600377369, 2.111551213380201464 ) ) ;
#1817 = CARTESIAN_POINT ( 'NONE',  ( -4.925570079474334229, -4.797025860997984559, 1.242563014952682066 ) ) ;
#1818 = DIRECTION ( 'NONE',  ( -1.000000000000000000, 0.000000000000000000, 0.000000000000000000 ) ) ;
#1819 = DIRECTION ( 'NONE',  ( -1.067640859705654275E-15, 0.000000000000000000, -1.000000000000000000 ) ) ;
#1820 = ORIENTED_EDGE ( 'NONE', *, *, #3077, .F. ) ;
#1821 = ORIENTED_EDGE ( 'NONE', *, *, #1881, .T. ) ;
#1822 = ADVANCED_FACE ( 'NONE', ( #1815 ), #1578, .T. ) ;
#1823 = DIRECTION ( 'NONE',  ( 0.000000000000000000, -1.000000000000000000, 0.000000000000000000 ) ) ;
#1824 = VERTEX_POINT ( 'NONE', #381 ) ;
#1825 = CARTESIAN_POINT ( 'NONE',  ( -0.2198572785868929125, -5.987500000000466116, -0.1269346589754102306 ) ) ;
#1826 = CARTESIAN_POINT ( 'NONE',  ( 4.285782162354054847, -4.412750343589175728, 2.816539021524198994 ) ) ;
#1827 = EDGE_CURVE ( 'NONE', #2797, #873, #1337, .T. ) ;
#1828 = FACE_OUTER_BOUND ( 'NONE', #2734, .T. ) ;
#1829 = EDGE_CURVE ( 'NONE', #163, #2180, #1743, .T. ) ;
#1830 = CARTESIAN_POINT ( 'NONE',  ( -4.952047372556953597, -4.878046155167591991, 1.118649211109689734 ) ) ;
#1831 = FACE_OUTER_BOUND ( 'NONE', #971, .T. ) ;
#1832 = FACE_OUTER_BOUND ( 'NONE', #1071, .T. ) ;
#1833 = ORIENTED_EDGE ( 'NONE', *, *, #1967, .T. ) ;
#1834 = TOROIDAL_SURFACE ( 'NONE', #2499, 5.127000000000001556, 0.1270000000000000018 ) ;
#1835 = ORIENTED_EDGE ( 'NONE', *, *, #2523, .T. ) ;
#1836 = AXIS2_PLACEMENT_3D ( 'NONE', #2368, #2128, #3087 ) ;
#1837 = SPHERICAL_SURFACE ( 'NONE', #1703, 2.593749999999996447 ) ;
#1838 = VERTEX_POINT ( 'NONE', #2552 ) ;
#1839 = CIRCLE ( 'NONE', #2754, 1.587500000000000133 ) ;
#1840 = DIRECTION ( 'NONE',  ( 0.000000000000000000, 0.000000000000000000, 1.000000000000000000 ) ) ;
#1841 = CARTESIAN_POINT ( 'NONE',  ( 0.000000000000000000, -4.971993016631442330, -7.418569301553395334 ) ) ;
#1842 = EDGE_CURVE ( 'NONE', #568, #326, #2790, .T. ) ;
#1843 = FACE_OUTER_BOUND ( 'NONE', #1126, .T. ) ;
#1844 = CARTESIAN_POINT ( 'NONE',  ( 5.216979977173143546, -6.069939759036143911, 2.551425617466601015 ) ) ;
#1845 = DIRECTION ( 'NONE',  ( 0.000000000000000000, 0.000000000000000000, 1.000000000000000000 ) ) ;
#1846 = CIRCLE ( 'NONE', #228, 5.000000000000000888 ) ;
#1847 = DIRECTION ( 'NONE',  ( 0.000000000000000000, 0.000000000000000000, 1.000000000000000000 ) ) ;
#1848 = VERTEX_POINT ( 'NONE', #617 ) ;
#1849 = CIRCLE ( 'NONE', #221, 2.500000000000000000 ) ;
#1850 = CIRCLE ( 'NONE', #3064, 2.593749999999997335 ) ;
#1851 = ORIENTED_EDGE ( 'NONE', *, *, #3114, .F. ) ;
#1852 = ORIENTED_EDGE ( 'NONE', *, *, #563, .F. ) ;
#1853 = AXIS2_PLACEMENT_3D ( 'NONE', #684, #2621, #387 ) ;
#1854 = CARTESIAN_POINT ( 'NONE',  ( -5.039779761448065720, -4.999999999999999112, 0.9416734869892514626 ) ) ;
#1855 = ORIENTED_EDGE ( 'NONE', *, *, #2492, .T. ) ;
#1856 = LOCAL_TIME ( 18, 28, 10.00000000000000000, #1766 ) ;
#1857 = CARTESIAN_POINT ( 'NONE',  ( -1.704376718921021050, -4.872999999999998444, -4.835414046387343845 ) ) ;
#1858 = FACE_OUTER_BOUND ( 'NONE', #2151, .T. ) ;
#1859 = FACE_OUTER_BOUND ( 'NONE', #2760, .T. ) ;
#1860 = CARTESIAN_POINT ( 'NONE',  ( 5.017534683176079646, -4.971993016631442330, 4.521694301553418782 ) ) ;
#1861 = DIRECTION ( 'NONE',  ( -0.8660254037844372643, -0.000000000000000000, -0.5000000000000024425 ) ) ;
#1862 = EDGE_CURVE ( 'NONE', #2708, #1544, #165, .T. ) ;
#1863 = CARTESIAN_POINT ( 'NONE',  ( -2.724392159014334556E-15, -5.987500000000001599, -3.110177089835554564E-15 ) ) ;
#1864 = DIRECTION ( 'NONE',  ( -0.000000000000000000, 1.000000000000000000, -0.000000000000000000 ) ) ;
#1865 = EDGE_LOOP ( 'NONE', ( #1382, #1835, #211 ) ) ;
#1866 = ORIENTED_EDGE ( 'NONE', *, *, #1597, .T. ) ;
#1867 = EDGE_CURVE ( 'NONE', #514, #1604, #673, .T. ) ;
#1868 = VERTEX_POINT ( 'NONE', #878 ) ;
#1869 = DIRECTION ( 'NONE',  ( -1.776356839400250465E-15, 0.000000000000000000, 1.000000000000000000 ) ) ;
#1870 = EDGE_LOOP ( 'NONE', ( #296, #1356, #1175 ) ) ;
#1871 = DIRECTION ( 'NONE',  ( 0.000000000000000000, 0.000000000000000000, 1.000000000000000000 ) ) ;
#1872 = FACE_OUTER_BOUND ( 'NONE', #530, .T. ) ;
#1873 = DESIGN_CONTEXT ( 'detailed design', #1472, 'design' ) ;
#1874 = CARTESIAN_POINT ( 'NONE',  ( -4.124999999999997335, -6.199999999999997513, 9.644709581221619032 ) ) ;
#1875 = CARTESIAN_POINT ( 'NONE',  ( 0.000000000000000000, -6.072999999999996845, 11.49999999999995381 ) ) ;
#1876 = CARTESIAN_POINT ( 'NONE',  ( 0.8521883594605176304, -4.872999999999998444, -1.476033536204370167 ) ) ;
#1877 = EDGE_CURVE ( 'NONE', #275, #2386, #2847, .T. ) ;
#1878 = CARTESIAN_POINT ( 'NONE',  ( -4.123097742174651081, -4.400427058685830062, 2.891548421784688738 ) ) ;
#1879 = ORIENTED_EDGE ( 'NONE', *, *, #1771, .F. ) ;
#1880 = CIRCLE ( 'NONE', #1482, 2.499999999999999556 ) ;
#1881 = EDGE_CURVE ( 'NONE', #1037, #1014, #1980, .T. ) ;
#1882 = VERTEX_POINT ( 'NONE', #834 ) ;
#1883 = ORIENTED_EDGE ( 'NONE', *, *, #747, .T. ) ;
#1884 = CIRCLE ( 'NONE', #1085, 11.37299999999995492 ) ;
#1885 = CARTESIAN_POINT ( 'NONE',  ( 5.017534683176079646, -4.999999999999999112, 2.896875000000024514 ) ) ;
#1886 = ORIENTED_EDGE ( 'NONE', *, *, #2286, .T. ) ;
#1887 = DIRECTION ( 'NONE',  ( 1.000000000000000000, 0.000000000000000000, 0.000000000000000000 ) ) ;
#1888 = AXIS2_PLACEMENT_3D ( 'NONE', #1296, #819, #2803 ) ;
#1889 = CARTESIAN_POINT ( 'NONE',  ( 1.185522648174527571, -6.199999999999997513, -0.5027969273694005148 ) ) ;
#1890 = CARTESIAN_POINT ( 'NONE',  ( 5.017534683176079646, -6.993749999999997691, 2.896875000000024514 ) ) ;
#1891 = DIRECTION ( 'NONE',  ( -0.000000000000000000, 1.000000000000000000, -0.000000000000000000 ) ) ;
#1892 = CARTESIAN_POINT ( 'NONE',  ( -4.165346323715623633, -4.999999999999999112, 4.372908536204334951 ) ) ;
#1893 = AXIS2_PLACEMENT_3D ( 'NONE', #2179, #1269, #260 ) ;
#1894 = DIRECTION ( 'NONE',  ( 0.000000000000000000, -1.000000000000000000, 0.000000000000000000 ) ) ;
#1895 = CARTESIAN_POINT ( 'NONE',  ( -3.353929852362677266, -4.967173580240785036, 3.805647508098603637 ) ) ;
#1896 = ORIENTED_EDGE ( 'NONE', *, *, #2171, .F. ) ;
#1897 = ORIENTED_EDGE ( 'NONE', *, *, #1329, .F. ) ;
#1898 = AXIS2_PLACEMENT_3D ( 'NONE', #2109, #1147, #2612 ) ;
#1899 = ORIENTED_EDGE ( 'NONE', *, *, #1771, .T. ) ;
#1900 = ADVANCED_FACE ( 'NONE', ( #1798 ), #1163, .T. ) ;
#1901 = DIRECTION ( 'NONE',  ( -0.000000000000000000, -0.000000000000000000, -1.000000000000000000 ) ) ;
#1902 = VERTEX_POINT ( 'NONE', #107 ) ;
#1903 = CARTESIAN_POINT ( 'NONE',  ( -1.704376718921021050, -4.872999999999998444, -4.835414046387343845 ) ) ;
#1904 = VECTOR ( 'NONE', #1523, 1000.000000000000000 ) ;
#1905 = DIRECTION ( 'NONE',  ( 0.000000000000000000, 0.000000000000000000, -1.000000000000000000 ) ) ;
#1906 = DIRECTION ( 'NONE',  ( -0.000000000000000000, 1.000000000000000000, -0.000000000000000000 ) ) ;
#1907 = CARTESIAN_POINT ( 'NONE',  ( -4.125000000000003553, -6.199999999999997513, -7.144709581221615480 ) ) ;
#1908 = CARTESIAN_POINT ( 'NONE',  ( 5.017534683176079646, -4.612499999999997158, 2.896875000000024514 ) ) ;
#1909 = ADVANCED_FACE ( 'NONE', ( #894 ), #1665, .F. ) ;
#1910 = AXIS2_PLACEMENT_3D ( 'NONE', #1276, #1779, #572 ) ;
#1911 = CARTESIAN_POINT ( 'NONE',  ( 3.252782370320867145, -4.872999999999998444, 3.797289408424089796 ) ) ;
#1912 = CARTESIAN_POINT ( 'NONE',  ( 3.950909411297474971, -4.463201766283074079, 3.124122955543856772 ) ) ;
#1913 = CARTESIAN_POINT ( 'NONE',  ( -4.288065892914942445, -4.362205121618939252, 2.646148601017336066 ) ) ;
#1914 = ORIENTED_EDGE ( 'NONE', *, *, #974, .F. ) ;
#1915 = ORIENTED_EDGE ( 'NONE', *, *, #138, .T. ) ;
#1916 = DIRECTION ( 'NONE',  ( 0.000000000000000000, 0.000000000000000000, 1.000000000000000000 ) ) ;
#1917 = EDGE_LOOP ( 'NONE', ( #1717, #1414, #2064, #1054 ) ) ;
#1918 = EDGE_CURVE ( 'NONE', #2929, #3052, #2397, .T. ) ;
#1919 = CARTESIAN_POINT ( 'NONE',  ( 0.000000000000000000, -3.800000000000004707, 2.000000000000000000 ) ) ;
#1920 = CARTESIAN_POINT ( 'NONE',  ( -1.662157908056387967, -4.872999999999997556, -4.715636869892085414 ) ) ;
#1921 = CARTESIAN_POINT ( 'NONE',  ( 1.704376718921021050, -4.872999999999997556, -5.793750000000001066 ) ) ;
#1922 = EDGE_CURVE ( 'NONE', #1221, #1014, #2345, .T. ) ;
#1923 = DIRECTION ( 'NONE',  ( 0.000000000000000000, 1.000000000000000000, 0.000000000000000000 ) ) ;
#1924 = FACE_OUTER_BOUND ( 'NONE', #2820, .T. ) ;
#1925 = CARTESIAN_POINT ( 'NONE',  ( 0.000000000000000000, -4.050000000000005151, 5.000000000000000888 ) ) ;
#1926 = EDGE_CURVE ( 'NONE', #745, #2278, #987, .T. ) ;
#1927 = CARTESIAN_POINT ( 'NONE',  ( 3.822216111549324946, -4.459607149451291441, 3.222878882501759357 ) ) ;
#1928 = CARTESIAN_POINT ( 'NONE',  ( -4.256755840485099363, -4.412796047486780004, 2.799854155442566661 ) ) ;
#1929 = CARTESIAN_POINT ( 'NONE',  ( -1.028196236133927410, -6.199999999999997513, -0.3570714214271419329 ) ) ;
#1930 = LINE ( 'NONE', #2926, #1494 ) ;
#1931 = ORIENTED_EDGE ( 'NONE', *, *, #503, .T. ) ;
#1932 = PERSON ( 'UNSPECIFIED', 'UNSPECIFIED', 'UNSPECIFIED', ('UNSPECIFIED'), ('UNSPECIFIED'), ('UNSPECIFIED') ) ;
#1933 = CARTESIAN_POINT ( 'NONE',  ( 0.000000000000000000, -6.072999999999996845, -11.37299999999995492 ) ) ;
#1934 = ORIENTED_EDGE ( 'NONE', *, *, #2493, .F. ) ;
#1935 = DIRECTION ( 'NONE',  ( 0.000000000000000000, 0.000000000000000000, 1.000000000000000000 ) ) ;
#1936 = CARTESIAN_POINT ( 'NONE',  ( -0.2966475826298341500, -4.412801924452669944, -5.119837236532851499 ) ) ;
#1937 = DIRECTION ( 'NONE',  ( -0.000000000000000000, 1.000000000000000000, -0.000000000000000000 ) ) ;
#1938 = AXIS2_PLACEMENT_3D ( 'NONE', #1157, #192, #1140 ) ;
#1939 = CARTESIAN_POINT ( 'NONE',  ( -2.473261191994603701E-15, -5.987500000000001599, -6.305233117096236273E-16 ) ) ;
#1940 = LINE ( 'NONE', #1200, #2666 ) ;
#1941 = FACE_OUTER_BOUND ( 'NONE', #917, .T. ) ;
#1942 = AXIS2_PLACEMENT_3D ( 'NONE', #238, #3061, #899 ) ;
#1943 = EDGE_CURVE ( 'NONE', #149, #906, #523, .T. ) ;
#1944 = CARTESIAN_POINT ( 'NONE',  ( 3.838599471429977594, -4.490013025336566876, 3.222790789248539234 ) ) ;
#1945 = CARTESIAN_POINT ( 'NONE',  ( -3.437321135311986797, -4.682348220817700302, 3.639276991153880925 ) ) ;
#1946 = EDGE_LOOP ( 'NONE', ( #1427, #3090, #185 ) ) ;
#1947 = AXIS2_PLACEMENT_3D ( 'NONE', #539, #1211, #749 ) ;
#1948 = DIRECTION ( 'NONE',  ( 0.000000000000000000, 0.000000000000000000, 1.000000000000000000 ) ) ;
#1949 = VERTEX_POINT ( 'NONE', #1919 ) ;
#1950 = EDGE_LOOP ( 'NONE', ( #2912, #1206, #708, #1777 ) ) ;
#1951 = CIRCLE ( 'NONE', #2103, 1.006249999999995870 ) ;
#1952 = ORIENTED_EDGE ( 'NONE', *, *, #2932, .T. ) ;
#1953 = DIRECTION ( 'NONE',  ( -6.829619984160672443E-15, -0.7919165593733270558, 0.6106293171723020663 ) ) ;
#1954 = CIRCLE ( 'NONE', #2858, 5.127000000000001556 ) ;
#1955 = CARTESIAN_POINT ( 'NONE',  ( -0.1495233772465856537, -4.400031166593113774, -5.126982651786718748 ) ) ;
#1956 = LINE ( 'NONE', #474, #2911 ) ;
#1957 = AXIS2_PLACEMENT_3D ( 'NONE', #2770, #1570, #1080 ) ;
#1958 = DIRECTION ( 'NONE',  ( 0.000000000000000000, 0.000000000000000000, 1.000000000000000000 ) ) ;
#1959 = DIRECTION ( 'NONE',  ( 0.4999999999999919509, 0.000000000000000000, 0.8660254037844432595 ) ) ;
#1960 = CARTESIAN_POINT ( 'NONE',  ( 3.562485870254018305, -4.672246075303612578, 3.524114250625557165 ) ) ;
#1961 = CARTESIAN_POINT ( 'NONE',  ( -4.654022662475695959, -4.409062338509217582, 1.832029282611473464 ) ) ;
#1962 = ORIENTED_EDGE ( 'NONE', *, *, #135, .T. ) ;
#1963 = CIRCLE ( 'NONE', #2564, 2.500000000000000444 ) ;
#1964 = EDGE_CURVE ( 'NONE', #1730, #1558, #727, .T. ) ;
#1965 = CARTESIAN_POINT ( 'NONE',  ( -3.375181751210884595, -4.971993016631442330, 3.824841814898168213 ) ) ;
#1966 = EDGE_LOOP ( 'NONE', ( #2532, #1664, #434, #762 ) ) ;
#1967 = EDGE_CURVE ( 'NONE', #860, #2454, #768, .T. ) ;
#1968 = ORIENTED_EDGE ( 'NONE', *, *, #995, .F. ) ;
#1969 = DIRECTION ( 'NONE',  ( 0.5000000000000039968, 0.000000000000000000, -0.8660254037844362651 ) ) ;
#1970 = DIRECTION ( 'NONE',  ( 0.000000000000000000, 0.000000000000000000, 1.000000000000000000 ) ) ;
#1971 = CARTESIAN_POINT ( 'NONE',  ( 0.000000000000000000, -4.612499999999997158, -6.821946236133928920 ) ) ;
#1972 = LINE ( 'NONE', #1245, #7 ) ;
#1973 = CARTESIAN_POINT ( 'NONE',  ( 4.930979521169563284, -4.787356671929058116, 1.237582253855131542 ) ) ;
#1974 = CARTESIAN_POINT ( 'NONE',  ( -5.017534683176119614, -4.872999999999998444, 2.896874999999953904 ) ) ;
#1975 = CARTESIAN_POINT ( 'NONE',  ( 3.439147171265572123, -4.692380765971254419, 3.631850063069625989 ) ) ;
#1976 = CARTESIAN_POINT ( 'NONE',  ( -4.850467466263398642, -4.599333382990292485, 1.636692373830782365 ) ) ;
#1977 = VERTEX_POINT ( 'NONE', #2138 ) ;
#1978 = CARTESIAN_POINT ( 'NONE',  ( 0.000000000000000000, -6.993749999999997691, -5.793750000000001066 ) ) ;
#1979 = ORIENTED_EDGE ( 'NONE', *, *, #587, .F. ) ;
#1980 = B_SPLINE_CURVE_WITH_KNOTS ( 'NONE', 3,
 ( #2746, #2271, #2283, #576, #1549, #336 ),
 .UNSPECIFIED., .F., .F.,
 ( 4, 2, 4 ),
 ( 0.000000000000000000, 0.0001658057465312961880, 0.0003316114930625923760 ),
 .UNSPECIFIED. ) ;
#1981 = ADVANCED_FACE ( 'NONE', ( #1652 ), #957, .F. ) ;
#1982 = VERTEX_POINT ( 'NONE', #2330 ) ;
#1983 = DIRECTION ( 'NONE',  ( 0.000000000000000000, -1.000000000000000000, 0.000000000000000000 ) ) ;
#1984 = DIRECTION ( 'NONE',  ( -0.8660254037844363761, 0.000000000000000000, -0.5000000000000039968 ) ) ;
#1985 = ORIENTED_EDGE ( 'NONE', *, *, #1462, .T. ) ;
#1986 = CARTESIAN_POINT ( 'NONE',  ( -0.6016616261638021435, -4.339340103293080730, -4.965921529277520285 ) ) ;
#1987 = CARTESIAN_POINT ( 'NONE',  ( 4.645803318110255375, -4.448872181939428572, 2.006297582968747051 ) ) ;
#1988 = FACE_OUTER_BOUND ( 'NONE', #2662, .T. ) ;
#1989 = CIRCLE ( 'NONE', #1585, 1.587500000000000133 ) ;
#1990 = VERTEX_POINT ( 'NONE', #3072 ) ;
#1991 = CARTESIAN_POINT ( 'NONE',  ( -4.681024549695848691, -4.463201766283074079, 1.859526440462684782 ) ) ;
#1992 = CARTESIAN_POINT ( 'NONE',  ( -7.772811640539401878, -4.999999999999999112, -6.455679607964898814 ) ) ;
#1993 = AXIS2_PLACEMENT_3D ( 'NONE', #1154, #961, #1391 ) ;
#1994 = CARTESIAN_POINT ( 'NONE',  ( -1.704376718921021050, -4.999999999999999112, -4.835414046387343845 ) ) ;
#1995 = CARTESIAN_POINT ( 'NONE',  ( -1.185522648174557769, -6.199999999999997513, -0.5027969273694469221 ) ) ;
#1996 = VERTEX_POINT ( 'NONE', #938 ) ;
#1997 = EDGE_LOOP ( 'NONE', ( #3053, #90, #2640, #575 ) ) ;
#1998 = DIRECTION ( 'NONE',  ( 0.000000000000000000, 0.000000000000000000, 1.000000000000000000 ) ) ;
#1999 = EDGE_CURVE ( 'NONE', #1604, #514, #780, .T. ) ;
#2000 = DATE_TIME_ROLE ( 'classification_date' ) ;
#2001 = AXIS2_PLACEMENT_3D ( 'NONE', #1419, #131, #1110 ) ;
#2002 = CARTESIAN_POINT ( 'NONE',  ( -8.249999999999998224, -6.199999999999997513, 8.673617379884035472E-16 ) ) ;
#2003 = CARTESIAN_POINT ( 'NONE',  ( 0.3253915531929393312, -6.016083323203273103, 0.5054108224377119596 ) ) ;
#2004 = CARTESIAN_POINT ( 'NONE',  ( 4.514216934723613406, -4.399970665657403579, 2.435179570867053833 ) ) ;
#2005 = AXIS2_PLACEMENT_3D ( 'NONE', #2776, #605, #1576 ) ;
#2006 = DIRECTION ( 'NONE',  ( 0.000000000000000000, 0.000000000000000000, 1.000000000000000000 ) ) ;
#2007 = AXIS2_PLACEMENT_3D ( 'NONE', #1876, #3062, #1138 ) ;
#2008 = VERTEX_POINT ( 'NONE', #2364 ) ;
#2009 = CARTESIAN_POINT ( 'NONE',  ( -4.728353838943079701, -4.512287413318822438, 1.727695477677288594 ) ) ;
#2010 = DIRECTION ( 'NONE',  ( 0.8660254037844432595, 0.000000000000000000, -0.4999999999999919509 ) ) ;
#2011 = CIRCLE ( 'NONE', #2814, 0.1269999999999998075 ) ;
#2012 = CARTESIAN_POINT ( 'NONE',  ( 6.088418039731229747, -6.069939759036143911, 3.054550617466603057 ) ) ;
#2013 = AXIS2_PLACEMENT_3D ( 'NONE', #680, #2585, #144 ) ;
#2014 = CARTESIAN_POINT ( 'NONE',  ( 5.039779761448052398, -4.872999999999998444, 0.9416734869893214066 ) ) ;
#2015 = ORIENTED_EDGE ( 'NONE', *, *, #170, .F. ) ;
#2016 = VERTEX_POINT ( 'NONE', #2865 ) ;
#2017 = FACE_OUTER_BOUND ( 'NONE', #1113, .T. ) ;
#2018 = EDGE_CURVE ( 'NONE', #1463, #2549, #9, .T. ) ;
#2019 = CARTESIAN_POINT ( 'NONE',  ( -5.017534683176119614, -6.199999999999997513, 2.896874999999953904 ) ) ;
#2020 = DIRECTION ( 'NONE',  ( 0.000000000000000000, 0.000000000000000000, 1.000000000000000000 ) ) ;
#2021 = CARTESIAN_POINT ( 'NONE',  ( 4.613739007572867479, -4.437805288732674214, 2.154241054318676962 ) ) ;
#2022 = DIRECTION ( 'NONE',  ( -0.000000000000000000, 1.000000000000000000, -0.000000000000000000 ) ) ;
#2023 = EDGE_CURVE ( 'NONE', #64, #3008, #1839, .T. ) ;
#2024 = CARTESIAN_POINT ( 'NONE',  ( -4.538519330396520779, -4.311204289717982086, 2.098080418201194952 ) ) ;
#2025 = LINE ( 'NONE', #114, #2153 ) ;
#2026 = LINE ( 'NONE', #2990, #2643 ) ;
#2027 = EDGE_CURVE ( 'NONE', #2494, #1463, #408, .T. ) ;
#2028 = CARTESIAN_POINT ( 'NONE',  ( -1.039582380686072449, -6.199999999999997513, -0.6640109963657953029 ) ) ;
#2029 = ORIENTED_EDGE ( 'NONE', *, *, #2340, .F. ) ;
#2030 = ORIENTED_EDGE ( 'NONE', *, *, #392, .F. ) ;
#2031 = PERSON_AND_ORGANIZATION_ROLE ( 'design_owner' ) ;
#2032 = DIRECTION ( 'NONE',  ( -0.000000000000000000, 1.000000000000000000, -0.000000000000000000 ) ) ;
#2033 = CARTESIAN_POINT ( 'NONE',  ( 8.249999999999998224, -4.999999999999999112, 3.980102097228919925E-16 ) ) ;
#2034 = CARTESIAN_POINT ( 'NONE',  ( 4.455734834708344749, -4.386053510534023481, 2.402835923120715034 ) ) ;
#2035 = CARTESIAN_POINT ( 'NONE',  ( -3.437137359256633218, -4.684335155396001760, 3.639369746951713225 ) ) ;
#2036 = AXIS2_PLACEMENT_3D ( 'NONE', #1933, #2894, #729 ) ;
#2037 = DIRECTION ( 'NONE',  ( 0.000000000000000000, -1.000000000000000000, 0.000000000000000000 ) ) ;
#2038 = LINE ( 'NONE', #2517, #1904 ) ;
#2039 = EDGE_CURVE ( 'NONE', #1848, #889, #1393, .T. ) ;
#2040 = CARTESIAN_POINT ( 'NONE',  ( -0.3224263205658379761, -6.015364375460728219, 0.5008051077344225499 ) ) ;
#2041 = CIRCLE ( 'NONE', #1387, 0.1270000000000003904 ) ;
#2042 = CARTESIAN_POINT ( 'NONE',  ( -0.1657776197333742374, -6.106243482690350000, 0.6946997364849587520 ) ) ;
#2043 = ORIENTED_EDGE ( 'NONE', *, *, #747, .F. ) ;
#2044 = AXIS2_PLACEMENT_3D ( 'NONE', #13, #2401, #2922 ) ;
#2045 = CIRCLE ( 'NONE', #2449, 2.000000000000000000 ) ;
#2046 = PRODUCT ( '97590A711_NO THREADS_Adhesive-Ready Studs', '97590A711_NO THREADS_Adhesive-Ready Studs', '', ( #1323 ) ) ;
#2047 = AXIS2_PLACEMENT_3D ( 'NONE', #699, #1891, #2633 ) ;
#2048 = ORIENTED_EDGE ( 'NONE', *, *, #609, .T. ) ;
#2049 = EDGE_CURVE ( 'NONE', #2008, #2278, #1492, .T. ) ;
#2050 = AXIS2_PLACEMENT_3D ( 'NONE', #299, #2665, #490 ) ;
#2051 = APPLICATION_PROTOCOL_DEFINITION ( 'international standard', 'config_control_design', 1994, #580 ) ;
#2052 = DIRECTION ( 'NONE',  ( -0.000000000000000000, 1.000000000000000000, -0.000000000000000000 ) ) ;
#2053 = CARTESIAN_POINT ( 'NONE',  ( -0.4383776567691307080, -6.053627900680743856, -0.2530974581431673642 ) ) ;
#2054 = CARTESIAN_POINT ( 'NONE',  ( 4.905554507092116268, -4.773815104564587131, 1.223179306859423887 ) ) ;
#2055 = CARTESIAN_POINT ( 'NONE',  ( -4.503436565109163681, -6.199999999999997513, 3.787319060567483575 ) ) ;
#2056 = AXIS2_PLACEMENT_3D ( 'NONE', #1295, #2524, #334 ) ;
#2057 = B_SPLINE_CURVE_WITH_KNOTS ( 'NONE', 3,
 ( #3136, #1009, #270, #1986, #1518, #1470, #976, #2219 ),
 .UNSPECIFIED., .F., .F.,
 ( 4, 2, 2, 4 ),
 ( 0.001844163772923963990, 0.002305156744815994082, 0.002766149716708023957, 0.003688135660492083273 ),
 .UNSPECIFIED. ) ;
#2058 = CARTESIAN_POINT ( 'NONE',  ( -4.892928622301441877, -4.777944266894114556, 1.036305886978019508 ) ) ;
#2059 = CARTESIAN_POINT ( 'NONE',  ( 0.000000000000000000, -6.993749999999997691, -0.000000000000000000 ) ) ;
#2060 = CARTESIAN_POINT ( 'NONE',  ( -0.4719792361048591456, -6.069939759036143911, 0.7330965157282792743 ) ) ;
#2061 = AXIS2_PLACEMENT_3D ( 'NONE', #827, #310, #1916 ) ;
#2062 = EDGE_CURVE ( 'NONE', #745, #1848, #1795, .T. ) ;
#2063 = DIRECTION ( 'NONE',  ( -0.000000000000000000, 1.000000000000000000, -0.000000000000000000 ) ) ;
#2064 = ORIENTED_EDGE ( 'NONE', *, *, #1480, .T. ) ;
#2065 = AXIS2_PLACEMENT_3D ( 'NONE', #100, #2751, #2541 ) ;
#2066 = ORIENTED_EDGE ( 'NONE', *, *, #2113, .T. ) ;
#2067 = CIRCLE ( 'NONE', #2162, 1.587500000000000133 ) ;
#2068 = EDGE_CURVE ( 'NONE', #2016, #3036, #1545, .T. ) ;
#2069 = DIRECTION ( 'NONE',  ( 0.000000000000000000, 0.000000000000000000, 1.000000000000000000 ) ) ;
#2070 = ORIENTED_EDGE ( 'NONE', *, *, #1716, .T. ) ;
#2071 = CARTESIAN_POINT ( 'NONE',  ( -0.2750028349822927765, -6.016083323203328170, -0.5345027624607402439 ) ) ;
#2072 = CARTESIAN_POINT ( 'NONE',  ( 4.174172261008675555, -4.318019281609709381, 2.755727371650758428 ) ) ;
#2073 = CARTESIAN_POINT ( 'NONE',  ( -4.253254414348168311, -4.273063366176892863, 2.633081669573126504 ) ) ;
#2074 = CARTESIAN_POINT ( 'NONE',  ( -4.927384415124531181, -4.864850344348129241, 1.104257193869875531 ) ) ;
#2075 = CARTESIAN_POINT ( 'NONE',  ( 6.424669474880603914, -4.971993016631442330, 3.709284650776728309 ) ) ;
#2076 = CARTESIAN_POINT ( 'NONE',  ( 0.4719792361104922507, -6.069939759036143911, 0.7330965157315428860 ) ) ;
#2077 = ORIENTED_EDGE ( 'NONE', *, *, #2439, .F. ) ;
#2078 = ORIENTED_EDGE ( 'NONE', *, *, #903, .T. ) ;
#2079 = ADVANCED_FACE ( 'NONE', ( #2200 ), #1038, .F. ) ;
#2080 = DIRECTION ( 'NONE',  ( 0.4999999999999947820, 0.000000000000000000, 0.8660254037844417052 ) ) ;
#2081 = ORIENTED_EDGE ( 'NONE', *, *, #1810, .T. ) ;
#2082 = DIRECTION ( 'NONE',  ( 0.000000000000000000, 0.000000000000000000, 1.000000000000000000 ) ) ;
#2083 = CARTESIAN_POINT ( 'NONE',  ( 1.624819301553394268, -4.971993016631443219, -4.835414046387343845 ) ) ;
#2084 = CARTESIAN_POINT ( 'NONE',  ( 5.017534683176079646, -6.993749999999997691, 2.896875000000024514 ) ) ;
#2085 = DIRECTION ( 'NONE',  ( 0.000000000000000000, 0.000000000000000000, -1.000000000000000000 ) ) ;
#2086 = CARTESIAN_POINT ( 'NONE',  ( 0.000000000000000000, -4.872999999999998444, 0.000000000000000000 ) ) ;
#2087 = DIRECTION ( 'NONE',  ( -0.000000000000000000, 1.000000000000000000, -0.000000000000000000 ) ) ;
#2088 = ORIENTED_EDGE ( 'NONE', *, *, #2952, .T. ) ;
#2089 = AXIS2_PLACEMENT_3D ( 'NONE', #2573, #3078, #912 ) ;
#2090 = ORIENTED_EDGE ( 'NONE', *, *, #1098, .T. ) ;
#2091 = ORIENTED_EDGE ( 'NONE', *, *, #1867, .T. ) ;
#2092 = CIRCLE ( 'NONE', #2190, 5.000000000000000888 ) ;
#2093 = FACE_OUTER_BOUND ( 'NONE', #2955, .T. ) ;
#2094 = ORIENTED_EDGE ( 'NONE', *, *, #2636, .F. ) ;
#2095 = AXIS2_PLACEMENT_3D ( 'NONE', #2998, #1564, #1840 ) ;
#2096 = EDGE_CURVE ( 'NONE', #2454, #2608, #370, .T. ) ;
#2097 = CARTESIAN_POINT ( 'NONE',  ( 4.286125450576545148, -4.412675621985577834, 2.816027467139241569 ) ) ;
#2098 = FACE_OUTER_BOUND ( 'NONE', #536, .T. ) ;
#2099 = CARTESIAN_POINT ( 'NONE',  ( -5.017534683176119614, -6.993749999999997691, 2.896874999999953904 ) ) ;
#2100 = CARTESIAN_POINT ( 'NONE',  ( 3.335403042527016915, -4.872999999999998444, 3.893740559398061851 ) ) ;
#2101 = FACE_OUTER_BOUND ( 'NONE', #2491, .T. ) ;
#2102 = FACE_OUTER_BOUND ( 'NONE', #657, .T. ) ;
#2103 = AXIS2_PLACEMENT_3D ( 'NONE', #2185, #751, #2444 ) ;
#2104 = CARTESIAN_POINT ( 'NONE',  ( 0.000000000000000000, -4.612499999999997158, -5.793750000000001066 ) ) ;
#2105 = ORIENTED_EDGE ( 'NONE', *, *, #2424, .T. ) ;
#2106 = AXIS2_PLACEMENT_3D ( 'NONE', #1885, #892, #168 ) ;
#2107 = CIRCLE ( 'NONE', #2258, 1.006249999999996092 ) ;
#2108 = EDGE_LOOP ( 'NONE', ( #1368, #1411, #1589, #2594 ) ) ;
#2109 = CARTESIAN_POINT ( 'NONE',  ( -4.125000000000003553, -6.199999999999997513, -7.144709581221615480 ) ) ;
#2110 = EDGE_LOOP ( 'NONE', ( #2408, #103, #655, #547, #1359 ) ) ;
#2111 = CIRCLE ( 'NONE', #1309, 0.1269999999999999463 ) ;
#2112 = CARTESIAN_POINT ( 'NONE',  ( 3.375181751210830861, -4.971993016631442330, 3.824841814898215731 ) ) ;
#2113 = EDGE_CURVE ( 'NONE', #1037, #1902, #1693, .T. ) ;
#2114 = DIRECTION ( 'NONE',  ( -0.1836694922935931118, -2.941503958221229740E-15, -0.9829880556754563292 ) ) ;
#2115 = VERTEX_POINT ( 'NONE', #472 ) ;
#2116 = FACE_OUTER_BOUND ( 'NONE', #2818, .T. ) ;
#2117 = CARTESIAN_POINT ( 'NONE',  ( -5.017534683176119614, -6.993749999999997691, 2.896874999999953904 ) ) ;
#2118 = FACE_OUTER_BOUND ( 'NONE', #1917, .T. ) ;
#2119 = EDGE_CURVE ( 'NONE', #796, #1632, #1341, .T. ) ;
#2120 = CARTESIAN_POINT ( 'NONE',  ( -3.375181751210871717, -4.971993016631444995, 3.824841814898165993 ) ) ;
#2121 = ORIENTED_EDGE ( 'NONE', *, *, #1136, .T. ) ;
#2122 = EDGE_LOOP ( 'NONE', ( #760, #2908, #166, #2355, #560, #311 ) ) ;
#2123 = DIRECTION ( 'NONE',  ( -0.8660254037844432595, -0.000000000000000000, 0.4999999999999919509 ) ) ;
#2124 = EDGE_LOOP ( 'NONE', ( #104, #487, #1026, #2874 ) ) ;
#2125 = DIRECTION ( 'NONE',  ( 0.000000000000000000, 1.000000000000000000, 0.000000000000000000 ) ) ;
#2126 = CARTESIAN_POINT ( 'NONE',  ( 1.185522648174527571, -6.199999999999997513, -0.5027969273694005148 ) ) ;
#2127 = CARTESIAN_POINT ( 'NONE',  ( -4.125000000000003553, -6.199999999999997513, -9.644709581221615480 ) ) ;
#2128 = DIRECTION ( 'NONE',  ( -0.000000000000000000, 1.000000000000000000, -0.000000000000000000 ) ) ;
#2129 = FACE_BOUND ( 'NONE', #405, .T. ) ;
#2130 = CARTESIAN_POINT ( 'NONE',  ( 0.8521883594604967582, -4.872999999999998444, 1.476033536204381713 ) ) ;
#2131 = CARTESIAN_POINT ( 'NONE',  ( -4.254310501122307464, -4.271367125608524162, 2.631370159502559591 ) ) ;
#2132 = ORIENTED_EDGE ( 'NONE', *, *, #277, .T. ) ;
#2133 = ADVANCED_FACE ( 'NONE', ( #1006 ), #2505, .F. ) ;
#2134 = ORIENTED_EDGE ( 'NONE', *, *, #409, .F. ) ;
#2135 = TOROIDAL_SURFACE ( 'NONE', #1634, 11.37299999999995492, 0.1270000000000000018 ) ;
#2136 = DIRECTION ( 'NONE',  ( 0.000000000000000000, 0.000000000000000000, 1.000000000000000000 ) ) ;
#2137 = VERTEX_POINT ( 'NONE', #1515 ) ;
#2138 = CARTESIAN_POINT ( 'NONE',  ( -0.4719792361048591456, -6.069939759036143911, 0.7330965157282792743 ) ) ;
#2139 = AXIS2_PLACEMENT_3D ( 'NONE', #2033, #593, #866 ) ;
#2140 = DIRECTION ( 'NONE',  ( -0.9829880556754562182, 0.000000000000000000, 0.1836694922935930563 ) ) ;
#2141 = AXIS2_PLACEMENT_3D ( 'NONE', #2728, #2495, #554 ) ;
#2142 = CARTESIAN_POINT ( 'NONE',  ( 1.662157908056389077, -4.872999999999998444, -4.715636869892085414 ) ) ;
#2143 = CARTESIAN_POINT ( 'NONE',  ( 0.000000000000000000, -6.993749999999997691, -5.793750000000001066 ) ) ;
#2144 = AXIS2_PLACEMENT_3D ( 'NONE', #2473, #2456, #276 ) ;
#2145 = FACE_OUTER_BOUND ( 'NONE', #2992, .T. ) ;
#2146 = CARTESIAN_POINT ( 'NONE',  ( 3.538876176489189618, -4.797025860997984559, 3.644387309468952285 ) ) ;
#2147 = CARTESIAN_POINT ( 'NONE',  ( -3.627815869845955277, -4.533878513111750053, 3.452826703499956462 ) ) ;
#2148 = EDGE_LOOP ( 'NONE', ( #816, #2691 ) ) ;
#2149 = VECTOR ( 'NONE', #898, 1000.000000000000000 ) ;
#2150 = EDGE_CURVE ( 'NONE', #2339, #1490, #1239, .T. ) ;
#2151 = EDGE_LOOP ( 'NONE', ( #112, #2362, #1465, #3098, #54 ) ) ;
#2152 = EDGE_CURVE ( 'NONE', #1238, #2459, #1681, .T. ) ;
#2153 = VECTOR ( 'NONE', #1095, 1000.000000000000000 ) ;
#2154 = CARTESIAN_POINT ( 'NONE',  ( -0.5187388182346784893, -6.106243482934017308, -0.4909174834158370748 ) ) ;
#2155 = EDGE_LOOP ( 'NONE', ( #1630, #589 ) ) ;
#2156 = CIRCLE ( 'NONE', #795, 0.1270000000000003904 ) ;
#2157 = EDGE_CURVE ( 'NONE', #889, #2485, #2646, .T. ) ;
#2158 = CARTESIAN_POINT ( 'NONE',  ( -4.124999999999997335, -6.199999999999997513, 4.644709581221618144 ) ) ;
#2159 = FACE_OUTER_BOUND ( 'NONE', #2280, .T. ) ;
#2160 = CYLINDRICAL_SURFACE ( 'NONE', #1993, 2.000000000000000000 ) ;
#2161 = CARTESIAN_POINT ( 'NONE',  ( 0.8708698241072523327, -6.069939759034151727, 0.04219775067154164089 ) ) ;
#2162 = AXIS2_PLACEMENT_3D ( 'NONE', #1133, #895, #2601 ) ;
#2163 = CARTESIAN_POINT ( 'NONE',  ( 0.000000000000000000, -5.126999999999999780, 11.49999999999995381 ) ) ;
#2164 = CARTESIAN_POINT ( 'NONE',  ( 4.040459163466812775, -4.425121427263003504, 3.008761312028743973 ) ) ;
#2165 = CARTESIAN_POINT ( 'NONE',  ( -3.971570483122881079, -4.486407595134220827, 3.134233690429039765 ) ) ;
#2166 = DIRECTION ( 'NONE',  ( 0.000000000000000000, 0.000000000000000000, 1.000000000000000000 ) ) ;
#2167 = VERTEX_POINT ( 'NONE', #1448 ) ;
#2168 = CARTESIAN_POINT ( 'NONE',  ( -0.3005718846259963772, -5.987500000000001599, 0.01456412553553265883 ) ) ;
#2169 = ORIENTED_EDGE ( 'NONE', *, *, #1069, .F. ) ;
#2170 = DIRECTION ( 'NONE',  ( -0.1463744119827354861, -0.6040523883867495725, -0.7833870330819703298 ) ) ;
#2171 = EDGE_CURVE ( 'NONE', #1037, #935, #2478, .T. ) ;
#2172 = DIRECTION ( 'NONE',  ( 0.000000000000000000, 0.000000000000000000, 1.000000000000000000 ) ) ;
#2173 = CARTESIAN_POINT ( 'NONE',  ( -2.778118039018203662E-15, -5.987500000000001599, -1.545093852780423016E-15 ) ) ;
#2174 = CARTESIAN_POINT ( 'NONE',  ( 0.000000000000000000, -6.199999999999997513, -11.37299999999995492 ) ) ;
#2175 = DIRECTION ( 'NONE',  ( 0.000000000000000000, 0.000000000000000000, 1.000000000000000000 ) ) ;
#2176 = CARTESIAN_POINT ( 'NONE',  ( 3.909200738405337550, -4.548461727987532122, 3.255733100516776446 ) ) ;
#2177 = CARTESIAN_POINT ( 'NONE',  ( -4.228268098368173966, -4.398866879603136049, 2.782909784917421359 ) ) ;
#2178 = ORIENTED_EDGE ( 'NONE', *, *, #2196, .F. ) ;
#2179 = CARTESIAN_POINT ( 'NONE',  ( 0.000000000000000000, -4.872999999999998444, 5.127000000000001556 ) ) ;
#2180 = VERTEX_POINT ( 'NONE', #2411 ) ;
#2181 = ORIENTED_EDGE ( 'NONE', *, *, #1017, .T. ) ;
#2182 = CARTESIAN_POINT ( 'NONE',  ( 4.124999999999992895, -6.199999999999997513, -9.644709581221620809 ) ) ;
#2183 = CARTESIAN_POINT ( 'NONE',  ( -0.7138830901760004899, -4.495885823957186389, -4.950849080133203017 ) ) ;
#2184 = EDGE_CURVE ( 'NONE', #2494, #1949, #1590, .T. ) ;
#2185 = CARTESIAN_POINT ( 'NONE',  ( -5.017534683176119614, -6.993749999999997691, 2.896874999999953904 ) ) ;
#2186 = AXIS2_PLACEMENT_3D ( 'NONE', #46, #1025, #2717 ) ;
#2187 = FACE_OUTER_BOUND ( 'NONE', #778, .T. ) ;
#2188 = CARTESIAN_POINT ( 'NONE',  ( 1.028196236133970709, -6.199999999999997513, -0.7752942663962409942 ) ) ;
#2189 = DIRECTION ( 'NONE',  ( -0.8660254037844432595, -0.000000000000000000, 0.4999999999999919509 ) ) ;
#2190 = AXIS2_PLACEMENT_3D ( 'NONE', #1532, #734, #60 ) ;
#2191 = CARTESIAN_POINT ( 'NONE',  ( 3.628887876031425375, -4.543707518353941488, 3.442273493745613866 ) ) ;
#2192 = CARTESIAN_POINT ( 'NONE',  ( -4.727720074394455629, -4.499925091794157339, 1.889245778004584597 ) ) ;
#2193 = ORIENTED_EDGE ( 'NONE', *, *, #1462, .F. ) ;
#2194 = AXIS2_PLACEMENT_3D ( 'NONE', #1733, #1702, #2693 ) ;
#2195 = DIRECTION ( 'NONE',  ( -1.000000000000000000, 0.000000000000000000, 0.000000000000000000 ) ) ;
#2196 = EDGE_CURVE ( 'NONE', #806, #2701, #837, .T. ) ;
#2197 = VERTEX_POINT ( 'NONE', #1259 ) ;
#2198 = CIRCLE ( 'NONE', #939, 1.587499999999999911 ) ;
#2199 = ORIENTED_EDGE ( 'NONE', *, *, #1695, .T. ) ;
#2200 = FACE_OUTER_BOUND ( 'NONE', #2124, .T. ) ;
#2201 = CIRCLE ( 'NONE', #1649, 2.500000000000000444 ) ;
#2202 = DIRECTION ( 'NONE',  ( 0.8660254037844364872, -2.731847993664283433E-16, 0.5000000000000041078 ) ) ;
#2203 = CYLINDRICAL_SURFACE ( 'NONE', #1601, 2.499999999999999556 ) ;
#2204 = TOROIDAL_SURFACE ( 'NONE', #332, 1.028196236133927410, 1.587499999999999911 ) ;
#2205 = DIRECTION ( 'NONE',  ( -0.6264363572254040280, -0.7794725719011326159, 0.000000000000000000 ) ) ;
#2206 = CARTESIAN_POINT ( 'NONE',  ( 4.911568115634438847, -4.895035220138808540, 0.9347082492697582623 ) ) ;
#2207 = CC_DESIGN_PERSON_AND_ORGANIZATION_ASSIGNMENT ( #591, #2534, ( #1788 ) ) ;
#2208 = CARTESIAN_POINT ( 'NONE',  ( 3.584598400109042071, -4.692691932193581827, 3.530610644425215661 ) ) ;
#2209 = CARTESIAN_POINT ( 'NONE',  ( -4.601287801811849931, -4.337622639657549684, 1.962300806745706838 ) ) ;
#2210 = SPHERICAL_SURFACE ( 'NONE', #2861, 1.006249999999995870 ) ;
#2211 = AXIS2_PLACEMENT_3D ( 'NONE', #868, #129, #559 ) ;
#2212 = ADVANCED_FACE ( 'NONE', ( #2216 ), #2426, .F. ) ;
#2213 = CARTESIAN_POINT ( 'NONE',  ( 4.209157978689533013E-17, -5.987500000000001599, -7.290475476174111055E-17 ) ) ;
#2214 = EDGE_LOOP ( 'NONE', ( #633, #905, #828, #1258 ) ) ;
#2215 = ORIENTED_EDGE ( 'NONE', *, *, #2994, .F. ) ;
#2216 = FACE_OUTER_BOUND ( 'NONE', #1256, .T. ) ;
#2217 = DIRECTION ( 'NONE',  ( 0.000000000000000000, 0.000000000000000000, 1.000000000000000000 ) ) ;
#2218 = CARTESIAN_POINT ( 'NONE',  ( 6.403070863801133328, -4.612499999999997158, 2.509555939432503990 ) ) ;
#2219 = CARTESIAN_POINT ( 'NONE',  ( -1.662157908056389077, -4.872999999999998444, -4.715636869892085414 ) ) ;
#2220 = CARTESIAN_POINT ( 'NONE',  ( 4.361596644339511997, -4.362234395533503672, 2.518758547246956692 ) ) ;
#2221 = CARTESIAN_POINT ( 'NONE',  ( 0.000000000000000000, -4.872999999999998444, 0.000000000000000000 ) ) ;
#2222 = VERTEX_POINT ( 'NONE', #2182 ) ;
#2223 = CARTESIAN_POINT ( 'NONE',  ( -4.815850038907004027, -4.621536269821006293, 1.466230390913368486 ) ) ;
#2224 = CARTESIAN_POINT ( 'NONE',  ( 4.124999999999992895, -4.999999999999999112, -4.644709581221621697 ) ) ;
#2225 = EDGE_CURVE ( 'NONE', #2470, #1194, #1641, .T. ) ;
#2226 = LINE ( 'NONE', #1002, #2703 ) ;
#2227 = ADVANCED_FACE ( 'NONE', ( #2017 ), #2248, .F. ) ;
#2228 = CARTESIAN_POINT ( 'NONE',  ( -0.5097877001605364278, -6.117823850722650114, -0.4815427889010465146 ) ) ;
#2229 = EDGE_LOOP ( 'NONE', ( #2941, #1424, #968, #647 ) ) ;
#2230 = VERTEX_POINT ( 'NONE', #1765 ) ;
#2231 = DIRECTION ( 'NONE',  ( 0.000000000000000000, -1.000000000000000000, 0.000000000000000000 ) ) ;
#2232 = CALENDAR_DATE ( 2026, 8, 1 ) ;
#2233 = DIRECTION ( 'NONE',  ( 0.000000000000000000, 0.000000000000000000, 1.000000000000000000 ) ) ;
#2234 = CARTESIAN_POINT ( 'NONE',  ( -6.087014330144869858E-15, -5.987500000000467892, 0.2538693179506823494 ) ) ;
#2235 = CARTESIAN_POINT ( 'NONE',  ( 4.807023846173968273, -4.590827651372850760, 1.444807462890340455 ) ) ;
#2236 = CYLINDRICAL_SURFACE ( 'NONE', #389, 2.500000000000000444 ) ;
#2237 = CIRCLE ( 'NONE', #56, 1.006249999999996092 ) ;
#2238 = EDGE_LOOP ( 'NONE', ( #888, #893, #1336, #1148 ) ) ;
#2239 = CARTESIAN_POINT ( 'NONE',  ( -4.754571033509310318, -4.480684854770103698, 1.553923608791245137 ) ) ;
#2240 = DIRECTION ( 'NONE',  ( 0.000000000000000000, -1.000000000000000000, 0.000000000000000000 ) ) ;
#2241 = VECTOR ( 'NONE', #2350, 1000.000000000000000 ) ;
#2242 = CARTESIAN_POINT ( 'NONE',  ( -4.283957727038920638, -4.413112814499133840, 2.819294886211750839 ) ) ;
#2243 = AXIS2_PLACEMENT_3D ( 'NONE', #3132, #2170, #1953 ) ;
#2244 = CARTESIAN_POINT ( 'NONE',  ( -1.095265274202396055, -6.199999999999997513, -0.5678232088815325929 ) ) ;
#2245 = ORIENTED_EDGE ( 'NONE', *, *, #2387, .T. ) ;
#2246 = ADVANCED_FACE ( 'NONE', ( #1529 ), #313, .F. ) ;
#2247 = ORIENTED_EDGE ( 'NONE', *, *, #138, .F. ) ;
#2248 = CYLINDRICAL_SURFACE ( 'NONE', #1744, 0.1269999999999999463 ) ;
#2249 = EDGE_CURVE ( 'NONE', #1982, #2961, #212, .T. ) ;
#2250 = APPROVAL_STATUS ( 'not_yet_approved' ) ;
#2251 = AXIS2_PLACEMENT_3D ( 'NONE', #271, #2400, #218 ) ;
#2252 = DIRECTION ( 'NONE',  ( -0.5000000000000027756, 0.000000000000000000, 0.8660254037844370423 ) ) ;
#2253 = CARTESIAN_POINT ( 'NONE',  ( -0.8757997990806657418, -6.070918063027306744, 0.04243663120280147943 ) ) ;
#2254 = CARTESIAN_POINT ( 'NONE',  ( 4.598968221799560219, -4.370389142245054259, 1.966583275149372589 ) ) ;
#2255 = AXIS2_PLACEMENT_3D ( 'NONE', #691, #1413, #2136 ) ;
#2256 = EDGE_CURVE ( 'NONE', #2137, #1511, #297, .T. ) ;
#2257 = CARTESIAN_POINT ( 'NONE',  ( 4.124999999999992895, -6.199999999999997513, -4.644709581221621697 ) ) ;
#2258 = AXIS2_PLACEMENT_3D ( 'NONE', #532, #291, #1267 ) ;
#2259 = CARTESIAN_POINT ( 'NONE',  ( -4.746389247599426042, -4.534561801301077111, 1.742461692766988701 ) ) ;
#2260 = CARTESIAN_POINT ( 'NONE',  ( -0.2724967853600991363, -6.015364375460727331, -0.5296319383259731062 ) ) ;
#2261 = AXIS2_PLACEMENT_3D ( 'NONE', #1890, #3119, #2823 ) ;
#2262 = DIRECTION ( 'NONE',  ( -1.000000000000000000, 0.000000000000000000, 0.000000000000000000 ) ) ;
#2263 = AXIS2_PLACEMENT_3D ( 'NONE', #2285, #3030, #1046 ) ;
#2264 = DIRECTION ( 'NONE',  ( 0.000000000000000000, 0.000000000000000000, 1.000000000000000000 ) ) ;
#2265 = ORIENTED_EDGE ( 'NONE', *, *, #1999, .F. ) ;
#2266 = EDGE_CURVE ( 'NONE', #2008, #3025, #382, .T. ) ;
#2267 = ORIENTED_EDGE ( 'NONE', *, *, #2249, .F. ) ;
#2268 = COORDINATED_UNIVERSAL_TIME_OFFSET ( 6, 0, .BEHIND. ) ;
#2269 = CYLINDRICAL_SURFACE ( 'NONE', #3012, 5.000000000000000888 ) ;
#2270 = ADVANCED_FACE ( 'NONE', ( #244 ), #1236, .T. ) ;
#2271 = CARTESIAN_POINT ( 'NONE',  ( -1.137417295069265366, -6.199999999999995737, -0.5305705659332240476 ) ) ;
#2272 = CARTESIAN_POINT ( 'NONE',  ( 4.585003968736565128, -4.423869530771282754, 2.138315138854087305 ) ) ;
#2273 = CARTESIAN_POINT ( 'NONE',  ( 0.6123776770432272087, -4.328647049606680675, -4.970650354484095423 ) ) ;
#2274 = DIRECTION ( 'NONE',  ( 0.8660254037844387076, 0.000000000000000000, 0.5000000000000001110 ) ) ;
#2275 = CYLINDRICAL_SURFACE ( 'NONE', #2065, 2.500000000000000000 ) ;
#2276 = CARTESIAN_POINT ( 'NONE',  ( 5.039779761448052398, -4.872999999999998444, 0.9416734869893211846 ) ) ;
#2277 = CARTESIAN_POINT ( 'NONE',  ( 0.000000000000000000, -6.069939759036144800, -5.793750000000001066 ) ) ;
#2278 = VERTEX_POINT ( 'NONE', #1994 ) ;
#2279 = ORIENTED_EDGE ( 'NONE', *, *, #205, .T. ) ;
#2280 = EDGE_LOOP ( 'NONE', ( #1808, #2959, #692, #2522, #1504 ) ) ;
#2281 = COORDINATED_UNIVERSAL_TIME_OFFSET ( 6, 0, .BEHIND. ) ;
#2282 = CYLINDRICAL_SURFACE ( 'NONE', #19, 5.000000000000000888 ) ;
#2283 = CARTESIAN_POINT ( 'NONE',  ( -1.095064660718176652, -6.199999999999998401, -0.5680705541757640198 ) ) ;
#2284 = CARTESIAN_POINT ( 'NONE',  ( 4.484807764393639040, -4.351447589599972687, 2.244571167877387197 ) ) ;
#2285 = CARTESIAN_POINT ( 'NONE',  ( 5.017534683176079646, -4.612499999999997158, 3.925071236133951480 ) ) ;
#2286 = EDGE_CURVE ( 'NONE', #380, #614, #2799, .T. ) ;
#2287 = CARTESIAN_POINT ( 'NONE',  ( 2.449293598294706414E-16, 5.709999999999997300, -2.000000000000000000 ) ) ;
#2288 = DIRECTION ( 'NONE',  ( 0.000000000000000000, -0.000000000000000000, -1.000000000000000000 ) ) ;
#2289 = DIRECTION ( 'NONE',  ( 0.4999999999999919509, -1.224646799147353207E-16, 0.8660254037844432595 ) ) ;
#2290 = AXIS2_PLACEMENT_3D ( 'NONE', #117, #2262, #2518 ) ;
#2291 = VECTOR ( 'NONE', #1319, 1000.000000000000000 ) ;
#2292 = CARTESIAN_POINT ( 'NONE',  ( 0.000000000000000000, -4.872999999999998444, 0.000000000000000000 ) ) ;
#2293 = ORIENTED_EDGE ( 'NONE', *, *, #1629, .T. ) ;
#2294 = ADVANCED_FACE ( 'NONE', ( #1220 ), #1759, .F. ) ;
#2295 = AXIS2_PLACEMENT_3D ( 'NONE', #396, #171, #1871 ) ;
#2296 = ORIENTED_EDGE ( 'NONE', *, *, #2578, .F. ) ;
#2297 = AXIS2_PLACEMENT_3D ( 'NONE', #50, #1029, #2910 ) ;
#2298 = CALENDAR_DATE ( 2026, 8, 1 ) ;
#2299 = LINE ( 'NONE', #94, #1556 ) ;
#2300 = ORIENTED_EDGE ( 'NONE', *, *, #1577, .T. ) ;
#2301 = DIRECTION ( 'NONE',  ( -0.000000000000000000, 1.000000000000000000, -0.000000000000000000 ) ) ;
#2302 = CARTESIAN_POINT ( 'NONE',  ( 4.287528431551876018, -4.362263669448068981, 2.647017398636659191 ) ) ;
#2303 = AXIS2_PLACEMENT_3D ( 'NONE', #3070, #450, #3083 ) ;
#2304 = CARTESIAN_POINT ( 'NONE',  ( -5.689527451737151686, -6.069939759036143911, 3.745449382533370120 ) ) ;
#2305 = CARTESIAN_POINT ( 'NONE',  ( 5.017534683176079646, -6.993749999999997691, 2.896875000000024514 ) ) ;
#2306 = CARTESIAN_POINT ( 'NONE',  ( -8.249999999999998224, -4.999999999999999112, 8.673617379884035472E-16 ) ) ;
#2307 = AXIS2_PLACEMENT_3D ( 'NONE', #1362, #640, #1376 ) ;
#2308 = CARTESIAN_POINT ( 'NONE',  ( 4.209157978689533013E-17, -5.987500000000001599, -7.290475476174111055E-17 ) ) ;
#2309 = ORIENTED_EDGE ( 'NONE', *, *, #466, .F. ) ;
#2310 = EDGE_CURVE ( 'NONE', #1990, #1811, #118, .T. ) ;
#2312 = AXIS2_PLACEMENT_3D ( 'NONE', #3125, #757, #2657 ) ;
#2311 = ADVANCED_BREP_SHAPE_REPRESENTATION ( '97590A711_NO THREADS_Adhesive-Ready Studs', ( #2313, #1910 ), #1513 ) ;
#2313 = MANIFOLD_SOLID_BREP ( 'Fillet3', #2768 ) ;
#2314 = EDGE_LOOP ( 'NONE', ( #376, #907, #2374 ) ) ;
#2315 = VERTEX_POINT ( 'NONE', #294 ) ;
#2316 = LOCAL_TIME ( 18, 28, 10.00000000000000000, #2281 ) ;
#2317 = FACE_OUTER_BOUND ( 'NONE', #89, .T. ) ;
#2318 = ORIENTED_EDGE ( 'NONE', *, *, #205, .F. ) ;
#2319 = FACE_OUTER_BOUND ( 'NONE', #2613, .T. ) ;
#2320 = CARTESIAN_POINT ( 'NONE',  ( 1.028196236133084751, -6.199999999999995737, -0.7197469893190244772 ) ) ;
#2321 = CARTESIAN_POINT ( 'NONE',  ( -5.888972745734211145, -6.993749999999997691, 3.399999999999943956 ) ) ;
#2322 = CARTESIAN_POINT ( 'NONE',  ( 5.869723042636597832, -4.872999999999998444, 1.420841463795654125 ) ) ;
#2323 = CARTESIAN_POINT ( 'NONE',  ( 0.3988905879941249677, -6.069939759036143911, -0.7752942663962394398 ) ) ;
#2324 = CARTESIAN_POINT ( 'NONE',  ( 0.2234654610587508416, -6.199999999999856293, 0.9707666651358594079 ) ) ;
#2325 = EDGE_LOOP ( 'NONE', ( #1253, #3039 ) ) ;
#2326 = EDGE_CURVE ( 'NONE', #570, #22, #931, .T. ) ;
#2327 = ORIENTED_EDGE ( 'NONE', *, *, #622, .F. ) ;
#2328 = CARTESIAN_POINT ( 'NONE',  ( 0.3005718846241789977, -5.987500000000000711, 0.01456412553544242372 ) ) ;
#2329 = EDGE_LOOP ( 'NONE', ( #1188, #2094, #2860, #933 ) ) ;
#2330 = CARTESIAN_POINT ( 'NONE',  ( -3.252782370320920435, -4.872999999999998444, 3.797289408424044499 ) ) ;
#2331 = FACE_BOUND ( 'NONE', #2410, .T. ) ;
#2332 = DIRECTION ( 'NONE',  ( -0.000000000000000000, 1.000000000000000000, -0.000000000000000000 ) ) ;
#2333 = CARTESIAN_POINT ( 'NONE',  ( -4.895854547323931882, -4.826984714488654404, 1.071182401253108374 ) ) ;
#2334 = CARTESIAN_POINT ( 'NONE',  ( -3.335403042527071982, -4.999999999999999112, 3.893740559398014778 ) ) ;
#2335 = CARTESIAN_POINT ( 'NONE',  ( 0.2198572785870751001, -5.987500000000467892, -0.1269346589757942845 ) ) ;
#2336 = ORIENTED_EDGE ( 'NONE', *, *, #1629, .F. ) ;
#2337 = DIRECTION ( 'NONE',  ( 0.8660254037844363761, -0.000000000000000000, 0.5000000000000039968 ) ) ;
#2338 = ORIENTED_EDGE ( 'NONE', *, *, #2023, .T. ) ;
#2339 = VERTEX_POINT ( 'NONE', #1729 ) ;
#2340 = EDGE_CURVE ( 'NONE', #710, #2137, #2226, .T. ) ;
#2341 = CIRCLE ( 'NONE', #1436, 0.3988905879941254673 ) ;
#2342 = B_SPLINE_SURFACE_WITH_KNOTS ( 'NONE', 3, 3, ( 
 ( #2120, #1895, #447, #2607, #1660, #2656, #1438 ),
 ( #2873, #980, #670, #194, #928, #460, #1945 ),
 ( #481, #181, #2859, #2404, #1410, #688, #2147 ),
 ( #1203, #965, #224, #2624, #1458, #1627, #2887 ),
 ( #207, #2907, #2165, #1643, #3124, #2639, #3079 ),
 ( #1187, #2385, #2589, #3109, #416, #720, #913 ),
 ( #949, #2420, #1395, #1878, #2354, #242, #433 ),
 ( #1218, #1928, #2177, #1158, #2841, #704, #1691 ),
 ( #3141, #3089, #1423, #1913, #2371, #1170, #2131 ),
 ( #2453, #1266, #2501, #1773, #2924, #756, #1727 ),
 ( #1027, #548, #322, #1489, #48, #740, #1741 ),
 ( #1522, #2702, #2735, #1712, #274, #290, #788 ),
 ( #258, #531, #306, #2938, #1066, #34, #2024 ),
 ( #2486, #2956, #561, #1300, #2675, #1505, #2209 ),
 ( #1049, #2192, #498, #1991, #1757, #1961, #1013 ),
 ( #1475, #85, #2259, #2009, #1536, #16, #2720 ),
 ( #1976, #1282, #2688, #1252, #771, #2434, #2239 ),
 ( #2471, #65, #2976, #2223, #807, #1233, #999 ),
 ( #513, #1612, #855, #1786, #1375, #145, #2540 ),
 ( #2792, #1817, #2571, #1137, #3031, #2780, #2528 ),
 ( #2516, #1830, #2074, #1316, #2333, #610, #2058 ),
 ( #882, #2750, #581, #869, #1361, #113, #399 ) ),
 .UNSPECIFIED., .F., .F., .F.,
 ( 4, 3, 3, 3, 3, 3, 3, 4 ),
 ( 4, 3, 4 ),
 ( 0.0009342653708499925203, 0.001863939725015983668, 0.002328776902098979133, 0.002793614079181975032, 0.003258451256264970931, 0.003723288433347966397, 0.004188125610430961862, 0.004652962787513957761 ),
 ( 0.000000000000000000, 0.5040155064309477240, 1.008031012861895448 ),
 .UNSPECIFIED. ) ;
#2343 = CARTESIAN_POINT ( 'NONE',  ( -5.374874627667256100, -4.612499999999997158, 4.290444060567472739 ) ) ;
#2344 = ORIENTED_EDGE ( 'NONE', *, *, #409, .T. ) ;
#2345 = CIRCLE ( 'NONE', #930, 1.587499999999999911 ) ;
#2346 = CARTESIAN_POINT ( 'NONE',  ( 4.705137776687105422, -4.463952720506483729, 2.033796961440932805 ) ) ;
#2347 = EDGE_CURVE ( 'NONE', #2167, #2115, #1930, .T. ) ;
#2348 = FACE_BOUND ( 'NONE', #2546, .T. ) ;
#2349 = CARTESIAN_POINT ( 'NONE',  ( 3.265265146811697328, -4.895035220138839627, 3.786188635922221213 ) ) ;
#2350 = DIRECTION ( 'NONE',  ( 0.8660254037844432595, 0.000000000000000000, -0.4999999999999919509 ) ) ;
#2351 = FACE_BOUND ( 'NONE', #1371, .T. ) ;
#2352 = DIRECTION ( 'NONE',  ( -0.000000000000000000, 1.000000000000000000, -0.000000000000000000 ) ) ;
#2353 = TOROIDAL_SURFACE ( 'NONE', #80, 1.028196236133927410, 1.587499999999999911 ) ;
#2354 = CARTESIAN_POINT ( 'NONE',  ( -4.101858268436517463, -4.376984586600377369, 2.881524499618103086 ) ) ;
#2355 = ORIENTED_EDGE ( 'NONE', *, *, #886, .T. ) ;
#2356 = VECTOR ( 'NONE', #1650, 1000.000000000000000 ) ;
#2357 = CIRCLE ( 'NONE', #24, 1.587499999999999911 ) ;
#2358 = ORIENTED_EDGE ( 'NONE', *, *, #98, .T. ) ;
#2359 = EDGE_LOOP ( 'NONE', ( #1762, #2435, #1048, #748, #2181, #261 ) ) ;
#2360 = EDGE_CURVE ( 'NONE', #407, #1838, #525, .T. ) ;
#2361 = LINE ( 'NONE', #918, #3060 ) ;
#2362 = ORIENTED_EDGE ( 'NONE', *, *, #2890, .T. ) ;
#2363 = AXIS2_PLACEMENT_3D ( 'NONE', #2898, #695, #266 ) ;
#2364 = CARTESIAN_POINT ( 'NONE',  ( -1.624819301553394268, -4.971993016631443219, -4.835414046387343845 ) ) ;
#2365 = CARTESIAN_POINT ( 'NONE',  ( -1.131341254615927370E-16, -6.069939759036144800, -6.192640587994126200 ) ) ;
#2366 = EDGE_CURVE ( 'NONE', #2315, #2167, #1346, .T. ) ;
#2367 = CARTESIAN_POINT ( 'NONE',  ( -0.1621344381508202925, -6.117823850717460488, 0.6822604933318936471 ) ) ;
#2368 = CARTESIAN_POINT ( 'NONE',  ( 0.000000000000000000, 6.199999999999997513, 0.000000000000000000 ) ) ;
#2369 = FACE_BOUND ( 'NONE', #3035, .T. ) ;
#2370 = DIRECTION ( 'NONE',  ( 0.000000000000000000, 0.000000000000000000, 1.000000000000000000 ) ) ;
#2371 = CARTESIAN_POINT ( 'NONE',  ( -4.267347417927328301, -4.338356732703855023, 2.634935604210365767 ) ) ;
#2372 = ORIENTED_EDGE ( 'NONE', *, *, #932, .F. ) ;
#2373 = CIRCLE ( 'NONE', #697, 1.624819301553394713 ) ;
#2374 = ORIENTED_EDGE ( 'NONE', *, *, #702, .T. ) ;
#2375 = ORIENTED_EDGE ( 'NONE', *, *, #1668, .F. ) ;
#2376 = DIRECTION ( 'NONE',  ( 0.4999999999999921174, 0.000000000000000000, 0.8660254037844431485 ) ) ;
#2377 = ORIENTED_EDGE ( 'NONE', *, *, #1190, .T. ) ;
#2378 = CARTESIAN_POINT ( 'NONE',  ( 3.559489926332108922, -4.791400284973056145, 3.671778385964392211 ) ) ;
#2379 = CARTESIAN_POINT ( 'NONE',  ( 1.120946049916913489, -4.637509328254272312, -4.880532685638240942 ) ) ;
#2380 = DIRECTION ( 'NONE',  ( 0.8660254037844432595, 0.000000000000000000, -0.4999999999999919509 ) ) ;
#2381 = CARTESIAN_POINT ( 'NONE',  ( 0.8124096507766841446, -4.971993016631442330, 1.407134791704535370 ) ) ;
#2382 = EDGE_CURVE ( 'NONE', #2961, #889, #453, .T. ) ;
#2383 = DIRECTION ( 'NONE',  ( 0.000000000000000000, 0.000000000000000000, -1.000000000000000000 ) ) ;
#2384 = CARTESIAN_POINT ( 'NONE',  ( 3.860405093143576938, -4.512287413318822438, 3.231026803767718558 ) ) ;
#2385 = CARTESIAN_POINT ( 'NONE',  ( -4.088238124918486704, -4.462814529978568423, 3.037135164217332761 ) ) ;
#2386 = VERTEX_POINT ( 'NONE', #1302 ) ;
#2387 = EDGE_CURVE ( 'NONE', #64, #2137, #77, .T. ) ;
#2388 = ORIENTED_EDGE ( 'NONE', *, *, #2815, .F. ) ;
#2389 = EDGE_CURVE ( 'NONE', #935, #1129, #1989, .T. ) ;
#2390 = ORIENTED_EDGE ( 'NONE', *, *, #1241, .F. ) ;
#2391 = AXIS2_PLACEMENT_3D ( 'NONE', #2306, #132, #1068 ) ;
#2392 = DIRECTION ( 'NONE',  ( 0.5000000000000037748, 0.000000000000000000, -0.8660254037844364872 ) ) ;
#2393 = ORIENTED_EDGE ( 'NONE', *, *, #180, .T. ) ;
#2394 = DIRECTION ( 'NONE',  ( 0.000000000000000000, 1.000000000000000000, 0.000000000000000000 ) ) ;
#2395 = AXIS2_PLACEMENT_3D ( 'NONE', #2883, #1624, #2855 ) ;
#2396 = CARTESIAN_POINT ( 'NONE',  ( -0.1529594482860152094, -4.273032691094501345, -4.999983080720864947 ) ) ;
#2397 = CIRCLE ( 'NONE', #2295, 1.704376718921021272 ) ;
#2398 = CARTESIAN_POINT ( 'NONE',  ( 0.000000000000000000, -4.872999999999998444, 5.000000000000000888 ) ) ;
#2399 = DIRECTION ( 'NONE',  ( -0.000000000000000000, 1.000000000000000000, -0.000000000000000000 ) ) ;
#2400 = DIRECTION ( 'NONE',  ( -0.000000000000000000, 1.000000000000000000, -0.000000000000000000 ) ) ;
#2401 = DIRECTION ( 'NONE',  ( 0.000000000000000000, 0.000000000000000000, 1.000000000000000000 ) ) ;
#2402 = EDGE_CURVE ( 'NONE', #2797, #806, #1684, .T. ) ;
#2403 = CARTESIAN_POINT ( 'NONE',  ( 3.353929852362637298, -4.967173580240784148, 3.805647508098652043 ) ) ;
#2404 = CARTESIAN_POINT ( 'NONE',  ( -3.676847886523312070, -4.612072705715575260, 3.447634725100406250 ) ) ;
#2405 = VERTEX_POINT ( 'NONE', #1572 ) ;
#2406 = AXIS2_PLACEMENT_3D ( 'NONE', #528, #2417, #239 ) ;
#2407 = EDGE_CURVE ( 'NONE', #64, #256, #1051, .T. ) ;
#2408 = ORIENTED_EDGE ( 'NONE', *, *, #1441, .F. ) ;
#2409 = CIRCLE ( 'NONE', #2914, 2.593749999999996447 ) ;
#2410 = EDGE_LOOP ( 'NONE', ( #1527, #1290 ) ) ;
#2411 = CARTESIAN_POINT ( 'NONE',  ( 8.249999999999998224, -4.999999999999999112, 2.500000000000000444 ) ) ;
#2412 = CIRCLE ( 'NONE', #71, 11.49999999999995381 ) ;
#2413 = CARTESIAN_POINT ( 'NONE',  ( 0.2974218909961998669, -4.399937836463977625, -5.127034601989989504 ) ) ;
#2414 = APPROVAL_PERSON_ORGANIZATION ( #359, #1146, #1073 ) ;
#2415 = CYLINDRICAL_SURFACE ( 'NONE', #791, 2.499999999999999556 ) ;
#2416 = CARTESIAN_POINT ( 'NONE',  ( 0.000000000000000000, -4.999999999999999112, 11.37299999999995492 ) ) ;
#2417 = DIRECTION ( 'NONE',  ( -0.000000000000000000, 1.000000000000000000, -0.000000000000000000 ) ) ;
#2418 = CARTESIAN_POINT ( 'NONE',  ( 0.000000000000000000, 6.199999999999997513, 0.000000000000000000 ) ) ;
#2419 = CARTESIAN_POINT ( 'NONE',  ( 4.116236547697782910, -4.463072393575043151, 3.054768540322600145 ) ) ;
#2420 = CARTESIAN_POINT ( 'NONE',  ( -4.172496982701792589, -4.437805288732674214, 2.918494659829950155 ) ) ;
#2421 = EDGE_LOOP ( 'NONE', ( #1574, #1274, #829, #1018, #1782 ) ) ;
#2422 = CARTESIAN_POINT ( 'NONE',  ( 0.1376730396153166835, -5.987500000000001599, -0.2675849505172427367 ) ) ;
#2423 = ORIENTED_EDGE ( 'NONE', *, *, #2068, .F. ) ;
#2424 = EDGE_CURVE ( 'NONE', #2405, #741, #2237, .T. ) ;
#2425 = ORIENTED_EDGE ( 'NONE', *, *, #2366, .F. ) ;
#2426 = SPHERICAL_SURFACE ( 'NONE', #3006, 1.006249999999995870 ) ;
#2427 =( BOUNDED_CURVE ( )  B_SPLINE_CURVE ( 3, ( #2076, #627, #643, #2308 ),
 .UNSPECIFIED., .F., .T. ) 
 B_SPLINE_CURVE_WITH_KNOTS ( ( 4, 4 ),
 ( 1.163189884417854758, 1.570796326794896114 ),
 .UNSPECIFIED. ) 
 CURVE ( )  GEOMETRIC_REPRESENTATION_ITEM ( )  RATIONAL_B_SPLINE_CURVE ( ( 1.000000000000000000, 0.9862026054537459396, 0.9862026054537459396, 1.000000000000000000 ) ) 
 REPRESENTATION_ITEM ( '' )  );
#2428 = CARTESIAN_POINT ( 'NONE',  ( 4.124999999999992895, -6.199999999999997513, -7.144709581221620809 ) ) ;
#2429 = CARTESIAN_POINT ( 'NONE',  ( -0.1573264120406118183, -6.199999999999997513, 1.278091193765643174 ) ) ;
#2430 = CARTESIAN_POINT ( 'NONE',  ( -2.168404344971003740E-15, -5.987500000000001599, 2.840472293611758602E-16 ) ) ;
#2431 = CARTESIAN_POINT ( 'NONE',  ( 0.7289758601723296261, -6.199999999999926459, -0.6789101069030256674 ) ) ;
#2432 = ADVANCED_FACE ( 'NONE', ( #871 ), #1538, .T. ) ;
#2433 = CARTESIAN_POINT ( 'NONE',  ( 3.699766377574776666, -4.642691222595560774, 3.444595043701034420 ) ) ;
#2434 = CARTESIAN_POINT ( 'NONE',  ( -4.750383420207498375, -4.510151960393366188, 1.565364337598505573 ) ) ;
#2435 = ORIENTED_EDGE ( 'NONE', *, *, #92, .T. ) ;
#2436 = CARTESIAN_POINT ( 'NONE',  ( -4.581814049585613446, -4.412675621985578722, 2.303879790436668351 ) ) ;
#2437 = ORIENTED_EDGE ( 'NONE', *, *, #2969, .T. ) ;
#2438 = TOROIDAL_SURFACE ( 'NONE', #3095, 1.028196236133927410, 1.587499999999999911 ) ;
#2439 = EDGE_CURVE ( 'NONE', #119, #120, #626, .T. ) ;
#2440 = ORIENTED_EDGE ( 'NONE', *, *, #1687, .F. ) ;
#2441 = CARTESIAN_POINT ( 'NONE',  ( 5.017534683176079646, -6.993749999999997691, 2.896875000000024514 ) ) ;
#2442 = AXIS2_PLACEMENT_3D ( 'NONE', #1169, #1614, #2857 ) ;
#2443 = CARTESIAN_POINT ( 'NONE',  ( -0.5873159936848716400, -4.463067744063166309, -5.092152341910257007 ) ) ;
#2444 = DIRECTION ( 'NONE',  ( 0.4999999999999918399, 0.000000000000000000, 0.8660254037844432595 ) ) ;
#2445 = CIRCLE ( 'NONE', #1134, 2.593749999999996447 ) ;
#2446 = ADVANCED_FACE ( 'NONE', ( #1832 ), #1834, .F. ) ;
#2447 = CYLINDRICAL_SURFACE ( 'NONE', #1389, 11.49999999999995381 ) ;
#2448 = CARTESIAN_POINT ( 'NONE',  ( 4.918190908277843221, -4.918183194682576698, 0.9537945961927052352 ) ) ;
#2449 = AXIS2_PLACEMENT_3D ( 'NONE', #162, #1864, #1141 ) ;
#2450 = CARTESIAN_POINT ( 'NONE',  ( 5.970153145843347347E-16, -3.800000000000004707, -4.750000000000000888 ) ) ;
#2451 = AXIS2_PLACEMENT_3D ( 'NONE', #1262, #2971, #2205 ) ;
#2452 = CARTESIAN_POINT ( 'NONE',  ( 4.089768615401029095, -4.462245094616132945, 3.035102721679748594 ) ) ;
#2453 = CARTESIAN_POINT ( 'NONE',  ( -4.440368510497981980, -4.400000050648226413, 2.563056079101423190 ) ) ;
#2454 = VERTEX_POINT ( 'NONE', #2504 ) ;
#2455 = AXIS2_PLACEMENT_3D ( 'NONE', #989, #1479, #1058 ) ;
#2456 = DIRECTION ( 'NONE',  ( -0.000000000000000000, 1.000000000000000000, -0.000000000000000000 ) ) ;
#2457 = VERTEX_POINT ( 'NONE', #1596 ) ;
#2458 = VECTOR ( 'NONE', #1901, 1000.000000000000000 ) ;
#2459 = VERTEX_POINT ( 'NONE', #612 ) ;
#2460 = DIRECTION ( 'NONE',  ( 0.000000000000000000, 0.000000000000000000, 1.000000000000000000 ) ) ;
#2461 = VECTOR ( 'NONE', #295, 1000.000000000000000 ) ;
#2462 = CARTESIAN_POINT ( 'NONE',  ( 0.5962620783188596896, -4.452495099185733274, -5.097213201535799598 ) ) ;
#2463 = CARTESIAN_POINT ( 'NONE',  ( -1.662157908056389077, -4.872999999999998444, -4.715636869892085414 ) ) ;
#2464 = CIRCLE ( 'NONE', #848, 0.1269999999999999463 ) ;
#2465 = DIRECTION ( 'NONE',  ( 0.5000000000000087708, 0.000000000000000000, -0.8660254037844336006 ) ) ;
#2466 = CARTESIAN_POINT ( 'NONE',  ( 4.728325737080488977, -4.500350103760314191, 1.887735050591821340 ) ) ;
#2467 = CARTESIAN_POINT ( 'NONE',  ( 4.172918222647592046, -4.286276055286033504, 2.758479901805858336 ) ) ;
#2468 = EDGE_CURVE ( 'NONE', #1511, #1977, #500, .T. ) ;
#2469 =( BOUNDED_CURVE ( )  B_SPLINE_CURVE ( 3, ( #394, #2328, #153, #1128 ),
 .UNSPECIFIED., .F., .T. ) 
 B_SPLINE_CURVE_WITH_KNOTS ( ( 4, 4 ),
 ( 4.712388980384690562, 5.119995422759309633 ),
 .UNSPECIFIED. ) 
 CURVE ( )  GEOMETRIC_REPRESENTATION_ITEM ( )  RATIONAL_B_SPLINE_CURVE ( ( 1.000000000000000000, 0.9862026054539093645, 0.9862026054539093645, 1.000000000000000000 ) ) 
 REPRESENTATION_ITEM ( '' )  );
#2470 = VERTEX_POINT ( 'NONE', #1363 ) ;
#2471 = CARTESIAN_POINT ( 'NONE',  ( -4.889243394656904051, -4.659362948270984184, 1.506645124112131917 ) ) ;
#2472 = FACE_OUTER_BOUND ( 'NONE', #1950, .T. ) ;
#2473 = CARTESIAN_POINT ( 'NONE',  ( 0.000000000000000000, 6.199999999999997513, 0.000000000000000000 ) ) ;
#2474 = CC_DESIGN_SECURITY_CLASSIFICATION ( #2816, ( #1059 ) ) ;
#2475 = LINE ( 'NONE', #1790, #2461 ) ;
#2476 = ORIENTED_EDGE ( 'NONE', *, *, #1498, .T. ) ;
#2477 = EDGE_LOOP ( 'NONE', ( #3027, #1443, #102, #1677 ) ) ;
#2478 = LINE ( 'NONE', #2681, #2899 ) ;
#2479 = APPROVAL_DATE_TIME ( #315, #1146 ) ;
#2480 = DIRECTION ( 'NONE',  ( 0.000000000000000000, 0.000000000000000000, 1.000000000000000000 ) ) ;
#2481 = ORIENTED_EDGE ( 'NONE', *, *, #14, .F. ) ;
#2482 = CARTESIAN_POINT ( 'NONE',  ( 1.704376718921021050, -4.999999999999999112, -4.835414046387343845 ) ) ;
#2483 = CARTESIAN_POINT ( 'NONE',  ( 4.674355269398486890, -4.462814529978568423, 2.021950490790782151 ) ) ;
#2484 = CARTESIAN_POINT ( 'NONE',  ( -4.870325541372610090, -4.684209084380949406, 1.157122845637881259 ) ) ;
#2485 = VERTEX_POINT ( 'NONE', #809 ) ;
#2486 = CARTESIAN_POINT ( 'NONE',  ( -4.703625432449782373, -4.463072393575044039, 2.037381148130914532 ) ) ;
#2487 = DIRECTION ( 'NONE',  ( -1.000000000000000000, 0.000000000000000000, 0.000000000000000000 ) ) ;
#2488 = ADVANCED_FACE ( 'NONE', ( #3020 ), #87, .F. ) ;
#2489 = DIRECTION ( 'NONE',  ( -1.000000000000000000, -0.000000000000000000, -0.000000000000000000 ) ) ;
#2490 = CARTESIAN_POINT ( 'NONE',  ( -0.3988905879941249677, -6.069939759036143911, -0.7752942663897235409 ) ) ;
#2491 = EDGE_LOOP ( 'NONE', ( #1057, #2105, #1662 ) ) ;
#2492 = EDGE_CURVE ( 'NONE', #934, #2197, #3047, .T. ) ;
#2493 = EDGE_CURVE ( 'NONE', #1129, #1902, #2026, .T. ) ;
#2494 = VERTEX_POINT ( 'NONE', #583 ) ;
#2495 = DIRECTION ( 'NONE',  ( -0.000000000000000000, 1.000000000000000000, -0.000000000000000000 ) ) ;
#2496 = SHAPE_DEFINITION_REPRESENTATION ( #1571, #2311 ) ;
#2497 = DIRECTION ( 'NONE',  ( -0.8660254037844432595, -0.000000000000000000, 0.4999999999999919509 ) ) ;
#2498 = CARTESIAN_POINT ( 'NONE',  ( 4.329510595534681094, -4.304910853475940158, 2.500242253128388992 ) ) ;
#2499 = AXIS2_PLACEMENT_3D ( 'NONE', #1775, #354, #2738 ) ;
#2500 = ORIENTED_EDGE ( 'NONE', *, *, #903, .F. ) ;
#2501 = CARTESIAN_POINT ( 'NONE',  ( -4.382500218732812591, -4.386082472159706036, 2.529650720743615189 ) ) ;
#2502 = CARTESIAN_POINT ( 'NONE',  ( -5.017534683176119614, -4.971993016631442330, 2.896874999999953904 ) ) ;
#2503 = CIRCLE ( 'NONE', #2395, 2.499999999999999556 ) ;
#2504 = CARTESIAN_POINT ( 'NONE',  ( 3.375181751210830861, -4.971993016631442330, 3.824841814898215731 ) ) ;
#2505 = TOROIDAL_SURFACE ( 'NONE', #115, 1.704376718921021050, 0.1270000000000000018 ) ;
#2506 = CARTESIAN_POINT ( 'NONE',  ( -0.6855447274567295635, -6.106142459617929674, -0.2022139569255959612 ) ) ;
#2507 = ORIENTED_EDGE ( 'NONE', *, *, #1207, .T. ) ;
#2508 = ADVANCED_FACE ( 'NONE', ( #1555 ), #1318, .F. ) ;
#2509 = ORIENTED_EDGE ( 'NONE', *, *, #2266, .T. ) ;
#2510 = APPROVAL_STATUS ( 'not_yet_approved' ) ;
#2511 = DIRECTION ( 'NONE',  ( 0.000000000000000000, 0.000000000000000000, 1.000000000000000000 ) ) ;
#2512 = CARTESIAN_POINT ( 'NONE',  ( -0.1375748775160598181, -5.987500000000002487, -0.2673941600723863110 ) ) ;
#2513 = CARTESIAN_POINT ( 'NONE',  ( 4.704621589839962148, -4.463649020550750635, 2.035023782095885636 ) ) ;
#2514 = AXIS2_PLACEMENT_3D ( 'NONE', #1705, #1735, #573 ) ;
#2515 = CARTESIAN_POINT ( 'NONE',  ( 1.433248731347998906, -4.684360501093480345, -4.796322301953614975 ) ) ;
#2516 = CARTESIAN_POINT ( 'NONE',  ( -4.979977556420903895, -4.882491691439723169, 1.127606255895517329 ) ) ;
#2517 = CARTESIAN_POINT ( 'NONE',  ( 0.000000000000000000, 6.199999999999997513, 11.49999999999995381 ) ) ;
#2518 = DIRECTION ( 'NONE',  ( 0.000000000000000000, 1.000000000000000000, 0.000000000000000000 ) ) ;
#2519 = AXIS2_PLACEMENT_3D ( 'NONE', #1328, #2733, #822 ) ;
#2520 = CARTESIAN_POINT ( 'NONE',  ( 4.125000000000000000, -6.199999999999997513, 4.644709581221616368 ) ) ;
#2521 = ORIENTED_EDGE ( 'NONE', *, *, #250, .F. ) ;
#2522 = ORIENTED_EDGE ( 'NONE', *, *, #2615, .F. ) ;
#2523 = EDGE_CURVE ( 'NONE', #3113, #2457, #262, .T. ) ;
#2524 = DIRECTION ( 'NONE',  ( 0.8660254037844432595, 0.000000000000000000, -0.4999999999999919509 ) ) ;
#2525 = CARTESIAN_POINT ( 'NONE',  ( 4.404658448109815438, -4.304880635435091030, 2.370113475938189662 ) ) ;
#2526 = CARTESIAN_POINT ( 'NONE',  ( -5.017534683176120502, -6.199999999999997513, 3.925071236133881314 ) ) ;
#2527 = ADVANCED_FACE ( 'NONE', ( #458 ), #2882, .T. ) ;
#2528 = CARTESIAN_POINT ( 'NONE',  ( -4.864848002987203657, -4.692380765971254419, 1.162463786134541266 ) ) ;
#2529 = CARTESIAN_POINT ( 'NONE',  ( -8.249999999999998224, -6.199999999999997513, -2.499999999999999112 ) ) ;
#2530 = DIRECTION ( 'NONE',  ( 0.8660254037844434816, 0.000000000000000000, -0.4999999999999917288 ) ) ;
#2531 = CARTESIAN_POINT ( 'NONE',  ( 4.124999999999992895, -4.999999999999999112, -7.144709581221620809 ) ) ;
#2532 = ORIENTED_EDGE ( 'NONE', *, *, #2310, .F. ) ;
#2533 = EDGE_LOOP ( 'NONE', ( #674, #3023, #865, #2132, #69, #1521, #1208, #2676, #969, #2975, #2598, #357, #20, #3080, #2081 ) ) ;
#2534 = PERSON_AND_ORGANIZATION_ROLE ( 'creator' ) ;
#2535 = CARTESIAN_POINT ( 'NONE',  ( 0.000000000000000000, 6.199999999999997513, 0.000000000000000000 ) ) ;
#2536 = DIRECTION ( 'NONE',  ( -0.000000000000000000, -0.000000000000000000, 1.000000000000000000 ) ) ;
#2537 = CARTESIAN_POINT ( 'NONE',  ( 4.266807905348091623, -4.338415905110749371, 2.635808398110737638 ) ) ;
#2538 = CARTESIAN_POINT ( 'NONE',  ( -4.601170376767234060, -4.339153456641454909, 1.962572043398874033 ) ) ;
#2539 = ADVANCED_FACE ( 'NONE', ( #2145 ), #1487, .T. ) ;
#2540 = CARTESIAN_POINT ( 'NONE',  ( -4.830194116680219807, -4.618044142162598398, 1.292018063695140606 ) ) ;
#2541 = DIRECTION ( 'NONE',  ( 0.000000000000000000, 0.000000000000000000, 1.000000000000000000 ) ) ;
#2542 = DIRECTION ( 'NONE',  ( 0.000000000000000000, 1.000000000000000000, 0.000000000000000000 ) ) ;
#2543 = VECTOR ( 'NONE', #804, 1000.000000000000000 ) ;
#2544 = B_SPLINE_CURVE_WITH_KNOTS ( 'NONE', 3,
 ( #2490, #2228, #51, #1030 ),
 .UNSPECIFIED., .F., .F.,
 ( 4, 4 ),
 ( 3.452494687769831611E-15, 0.0009520349751828880401 ),
 .UNSPECIFIED. ) ;
#2545 = CARTESIAN_POINT ( 'NONE',  ( -0.05525920658552048448, -6.199999999999997513, 1.232310249495183641 ) ) ;
#2546 = EDGE_LOOP ( 'NONE', ( #2817, #1748 ) ) ;
#2547 = CIRCLE ( 'NONE', #1836, 1.509999999999997788 ) ;
#2548 = AXIS2_PLACEMENT_3D ( 'NONE', #1333, #2783, #3048 ) ;
#2549 = VERTEX_POINT ( 'NONE', #1394 ) ;
#2550 = DIRECTION ( 'NONE',  ( 0.000000000000000000, 0.000000000000000000, 1.000000000000000000 ) ) ;
#2551 = ORIENTED_EDGE ( 'NONE', *, *, #1367, .T. ) ;
#2552 = CARTESIAN_POINT ( 'NONE',  ( 4.818089389179015747, -6.069939759036143911, 3.242324382533448013 ) ) ;
#2553 = CIRCLE ( 'NONE', #1192, 2.000000000000000000 ) ;
#2554 = CARTESIAN_POINT ( 'NONE',  ( 1.094968908814851760, -6.199999999999994849, -0.5681781553382437844 ) ) ;
#2555 = AXIS2_PLACEMENT_3D ( 'NONE', #3134, #975, #269 ) ;
#2556 = PLANE ( 'NONE',  #167 ) ;
#2557 = DIRECTION ( 'NONE',  ( -0.000000000000000000, -0.000000000000000000, -1.000000000000000000 ) ) ;
#2558 = EDGE_CURVE ( 'NONE', #422, #448, #2893, .T. ) ;
#2559 = CARTESIAN_POINT ( 'NONE',  ( 0.8708698240989681816, -6.069939759036143911, 0.04219775066143265085 ) ) ;
#2560 = CIRCLE ( 'NONE', #2966, 1.587499999999999911 ) ;
#2561 = CARTESIAN_POINT ( 'NONE',  ( -0.3213727964521625458, -6.199999999999997513, 0.9939545211713324280 ) ) ;
#2562 = EDGE_LOOP ( 'NONE', ( #2043, #264, #2279, #374 ) ) ;
#2563 = VECTOR ( 'NONE', #1721, 999.9999999999998863 ) ;
#2564 = AXIS2_PLACEMENT_3D ( 'NONE', #2931, #506, #2217 ) ;
#2565 = ORIENTED_EDGE ( 'NONE', *, *, #1168, .T. ) ;
#2566 = VERTEX_POINT ( 'NONE', #178 ) ;
#2567 = ORIENTED_EDGE ( 'NONE', *, *, #675, .F. ) ;
#2568 = DIRECTION ( 'NONE',  ( 0.4999999999999919509, -0.000000000000000000, 0.8660254037844432595 ) ) ;
#2569 = CARTESIAN_POINT ( 'NONE',  ( 1.431146676003014040, -4.682628233593818301, -4.797063230063908890 ) ) ;
#2570 = CARTESIAN_POINT ( 'NONE',  ( 5.017534683176079646, -4.999999999999999112, 2.896875000000024514 ) ) ;
#2571 = CARTESIAN_POINT ( 'NONE',  ( -4.900170029596571553, -4.783584355571539604, 1.228105391490090570 ) ) ;
#2572 = LINE ( 'NONE', #1155, #3018 ) ;
#2573 = CARTESIAN_POINT ( 'NONE',  ( 0.000000000000000000, -6.072999999999996845, 0.000000000000000000 ) ) ;
#2574 = EDGE_CURVE ( 'NONE', #1616, #119, #664, .T. ) ;
#2575 = ADVANCED_FACE ( 'NONE', ( #2102 ), #1659, .T. ) ;
#2576 = CARTESIAN_POINT ( 'NONE',  ( -0.3278383045742761515, -6.092215589072160320, 0.7094473475237161875 ) ) ;
#2577 = VERTEX_POINT ( 'NONE', #2809 ) ;
#2578 = EDGE_CURVE ( 'NONE', #2577, #919, #879, .T. ) ;
#2579 = VERTEX_POINT ( 'NONE', #1672 ) ;
#2580 = EDGE_LOOP ( 'NONE', ( #1914, #1899, #3130, #2864 ) ) ;
#2581 = ADVANCED_FACE ( 'NONE', ( #2118 ), #2605, .F. ) ;
#2582 = DIRECTION ( 'NONE',  ( 0.8660254037844432595, 0.000000000000000000, -0.4999999999999919509 ) ) ;
#2583 = ORIENTED_EDGE ( 'NONE', *, *, #277, .F. ) ;
#2584 = DIRECTION ( 'NONE',  ( 0.8660254037844339337, -1.829991159367594958E-17, 0.5000000000000083267 ) ) ;
#2585 = DIRECTION ( 'NONE',  ( -0.000000000000000000, 1.000000000000000000, 0.000000000000000000 ) ) ;
#2586 = DIRECTION ( 'NONE',  ( 1.000000000000000000, 0.000000000000000000, 0.000000000000000000 ) ) ;
#2587 = DIRECTION ( 'NONE',  ( 1.000000000000000000, 0.000000000000000000, 0.000000000000000000 ) ) ;
#2588 = CARTESIAN_POINT ( 'NONE',  ( 0.2750028349820564100, -6.016083323203226030, -0.5345027624608974515 ) ) ;
#2589 = CARTESIAN_POINT ( 'NONE',  ( -4.060406333457393657, -4.448872181939428572, 3.020234902985126091 ) ) ;
#2590 = ORIENTED_EDGE ( 'NONE', *, *, #3131, .T. ) ;
#2591 = CC_DESIGN_PERSON_AND_ORGANIZATION_ASSIGNMENT ( #2711, #2031, ( #2046 ) ) ;
#2592 = CONICAL_SURFACE ( 'NONE', #2843, 1.509999999999997788, 0.7853981633974504994 ) ;
#2593 = EDGE_LOOP ( 'NONE', ( #2375, #2645, #2358 ) ) ;
#2594 = ORIENTED_EDGE ( 'NONE', *, *, #717, .T. ) ;
#2595 = AXIS2_PLACEMENT_3D ( 'NONE', #2901, #1484, #2465 ) ;
#2596 = ADVANCED_FACE ( 'NONE', ( #1420 ), #3106, .T. ) ;
#2597 = LINE ( 'NONE', #406, #1145 ) ;
#2598 = ORIENTED_EDGE ( 'NONE', *, *, #520, .T. ) ;
#2599 = AXIS2_PLACEMENT_3D ( 'NONE', #234, #2916, #2930 ) ;
#2600 = DIRECTION ( 'NONE',  ( -0.000000000000000000, 1.000000000000000000, -0.000000000000000000 ) ) ;
#2601 = DIRECTION ( 'NONE',  ( 0.4999999999999976130, 0.000000000000000000, -0.8660254037844400399 ) ) ;
#2602 = CARTESIAN_POINT ( 'NONE',  ( 5.374874627667197480, -4.612499999999997158, 4.290444060567548235 ) ) ;
#2603 = CARTESIAN_POINT ( 'NONE',  ( 0.4719792361104922507, -6.069939759036143911, 0.7330965157315428860 ) ) ;
#2604 = CARTESIAN_POINT ( 'NONE',  ( 1.704376718921021050, -4.872999999999998444, -4.835414046387343845 ) ) ;
#2605 = CYLINDRICAL_SURFACE ( 'NONE', #1431, 2.500000000000000444 ) ;
#2606 = AXIS2_PLACEMENT_3D ( 'NONE', #646, #1270, #2991 ) ;
#2607 = CARTESIAN_POINT ( 'NONE',  ( -3.307312046673206218, -4.936250382626180766, 3.787254480262863598 ) ) ;
#2608 = VERTEX_POINT ( 'NONE', #1911 ) ;
#2609 = AXIS2_PLACEMENT_3D ( 'NONE', #2739, #970, #551 ) ;
#2610 = CIRCLE ( 'NONE', #1559, 5.127000000000001556 ) ;
#2611 = ORIENTED_EDGE ( 'NONE', *, *, #1045, .T. ) ;
#2612 = DIRECTION ( 'NONE',  ( 0.000000000000000000, 0.000000000000000000, 1.000000000000000000 ) ) ;
#2613 = EDGE_LOOP ( 'NONE', ( #139, #2390, #225 ) ) ;
#2614 = AXIS2_PLACEMENT_3D ( 'NONE', #3085, #636, #1655 ) ;
#2615 = EDGE_CURVE ( 'NONE', #741, #1129, #571, .T. ) ;
#2616 = CARTESIAN_POINT ( 'NONE',  ( 1.704376718921021272, -4.872999999999998444, -4.835414046387343845 ) ) ;
#2617 = B_SPLINE_CURVE_WITH_KNOTS ( 'NONE', 3,
 ( #578, #2484, #1566, #1314, #2538, #97, #1078, #2073, #365, #1298, #83, #1785, #2035, #3000 ),
 .UNSPECIFIED., .F., .F.,
 ( 4, 2, 2, 2, 2, 2, 4 ),
 ( 0.000000000000000000, 0.0009212595580016008819, 0.001381889337002402190, 0.001842519116003203282, 0.002303148895004004590, 0.002763778674004805681, 0.003685038232006410033 ),
 .UNSPECIFIED. ) ;
#2618 = CARTESIAN_POINT ( 'NONE',  ( 1.603589210116293406, -4.954931093450512414, -4.736281043125027068 ) ) ;
#2619 = LINE ( 'NONE', #1374, #630 ) ;
#2620 = CARTESIAN_POINT ( 'NONE',  ( 4.209157978689533013E-17, -5.987500000000001599, -7.290475476174111055E-17 ) ) ;
#2621 = DIRECTION ( 'NONE',  ( 0.000000000000000000, 1.000000000000000000, 0.000000000000000000 ) ) ;
#2622 = DIRECTION ( 'NONE',  ( 0.8660254037844432595, 0.000000000000000000, -0.4999999999999919509 ) ) ;
#2623 = ADVANCED_FACE ( 'NONE', ( #401 ), #885, .F. ) ;
#2624 = CARTESIAN_POINT ( 'NONE',  ( -3.858886922179112666, -4.513111766450941253, 3.232819196868973233 ) ) ;
#2625 = ORIENTED_EDGE ( 'NONE', *, *, #1943, .T. ) ;
#2626 = EDGE_LOOP ( 'NONE', ( #2915, #2981, #2377, #2740 ) ) ;
#2627 = ORIENTED_EDGE ( 'NONE', *, *, #1127, .T. ) ;
#2628 = FACE_OUTER_BOUND ( 'NONE', #2108, .T. ) ;
#2629 = ORIENTED_EDGE ( 'NONE', *, *, #569, .T. ) ;
#2630 = CARTESIAN_POINT ( 'NONE',  ( -1.028196236133926966, -4.612499999999996270, -0.7752942663962516523 ) ) ;
#2631 = CARTESIAN_POINT ( 'NONE',  ( -1.371597412512804759, -4.772463411597104965, -4.814766586258865999 ) ) ;
#2632 = CARTESIAN_POINT ( 'NONE',  ( 5.017534683176078758, -6.199999999999997513, 3.925071236133951480 ) ) ;
#2633 = DIRECTION ( 'NONE',  ( 8.435760679787449033E-16, 0.000000000000000000, -1.000000000000000000 ) ) ;
#2634 = CARTESIAN_POINT ( 'NONE',  ( 0.6845164179663379977, -6.106243483016141838, -0.2037822577501941790 ) ) ;
#2635 = CARTESIAN_POINT ( 'NONE',  ( 5.017534683176079646, -6.993749999999997691, 2.896875000000024514 ) ) ;
#2636 = EDGE_CURVE ( 'NONE', #3094, #1558, #982, .T. ) ;
#2637 = EDGE_LOOP ( 'NONE', ( #1031, #1778, #47, #1000 ) ) ;
#2638 = CARTESIAN_POINT ( 'NONE',  ( 3.677717785785284299, -4.621536269821006293, 3.437533279053043067 ) ) ;
#2639 = CARTESIAN_POINT ( 'NONE',  ( -3.912581172249149919, -4.409505248601576888, 3.115794273550266169 ) ) ;
#2640 = ORIENTED_EDGE ( 'NONE', *, *, #5, .F. ) ;
#2641 = ORIENTED_EDGE ( 'NONE', *, *, #1268, .F. ) ;
#2642 = ORIENTED_EDGE ( 'NONE', *, *, #1017, .F. ) ;
#2643 = VECTOR ( 'NONE', #2753, 1000.000000000000000 ) ;
#2644 = CARTESIAN_POINT ( 'NONE',  ( -1.028196071724310379, -6.199999999999997513, -0.7196858882561054660 ) ) ;
#2645 = ORIENTED_EDGE ( 'NONE', *, *, #1964, .F. ) ;
#2646 = LINE ( 'NONE', #2944, #1093 ) ;
#2647 = AXIS2_PLACEMENT_3D ( 'NONE', #1500, #253, #1958 ) ;
#2648 = CARTESIAN_POINT ( 'NONE',  ( -1.624819301553393602, -4.971993016631442330, -4.835414046387343845 ) ) ;
#2649 = AXIS2_PLACEMENT_3D ( 'NONE', #2821, #2835, #1633 ) ;
#2650 = CARTESIAN_POINT ( 'NONE',  ( 0.000000000000000000, -3.800000000000004707, 0.000000000000000000 ) ) ;
#2651 = B_SPLINE_CURVE_WITH_KNOTS ( 'NONE', 3,
 ( #1503, #287, #3122, #963, #272, #2467, #495, #2953, #737, #255, #2686, #1754, #511, #1264 ),
 .UNSPECIFIED., .F., .F.,
 ( 4, 2, 2, 2, 2, 2, 4 ),
 ( 0.000000000000000000, 0.0009212595580016026166, 0.001381889337002403925, 0.001842519116003205233, 0.002303148895004006325, 0.002763778674004807850, 0.003685038232006410466 ),
 .UNSPECIFIED. ) ;
#2652 = LINE ( 'NONE', #2869, #1793 ) ;
#2653 = FACE_OUTER_BOUND ( 'NONE', #2626, .T. ) ;
#2654 = SPHERICAL_SURFACE ( 'NONE', #2186, 2.593749999999996447 ) ;
#2655 = CARTESIAN_POINT ( 'NONE',  ( 3.972571336216959015, -4.485982582891931969, 3.132952039387014942 ) ) ;
#2656 = CARTESIAN_POINT ( 'NONE',  ( -3.265265146811724417, -4.895035220138809429, 3.786188635922194123 ) ) ;
#2657 = DIRECTION ( 'NONE',  ( 0.000000000000000000, 0.000000000000000000, -1.000000000000000000 ) ) ;
#2658 = ADVANCED_FACE ( 'NONE', ( #1248 ), #2673, .T. ) ;
#2659 = CARTESIAN_POINT ( 'NONE',  ( 0.3988905879941249677, -6.069939759036143911, -0.7752942663962394398 ) ) ;
#2660 = AXIS2_PLACEMENT_3D ( 'NONE', #1153, #1227, #2696 ) ;
#2661 = ORIENTED_EDGE ( 'NONE', *, *, #331, .T. ) ;
#2662 = EDGE_LOOP ( 'NONE', ( #1833, #521, #1568, #1931, #845 ) ) ;
#2663 = VECTOR ( 'NONE', #1537, 1000.000000000000000 ) ;
#2664 = ORIENTED_EDGE ( 'NONE', *, *, #2574, .F. ) ;
#2665 = DIRECTION ( 'NONE',  ( -0.000000000000000000, 1.000000000000000000, -0.000000000000000000 ) ) ;
#2666 = VECTOR ( 'NONE', #1485, 999.9999999999998863 ) ;
#2667 = CARTESIAN_POINT ( 'NONE',  ( 0.2896974685182855391, -4.399941068963371116, -5.000030514935435377 ) ) ;
#2668 = AXIS2_PLACEMENT_3D ( 'NONE', #1636, #2853, #1120 ) ;
#2669 = CARTESIAN_POINT ( 'NONE',  ( 0.1092210588029939033, -6.199999999999995737, 1.250317555123479973 ) ) ;
#2670 =( BOUNDED_CURVE ( )  B_SPLINE_CURVE ( 3, ( #856, #2721, #2260, #839 ),
 .UNSPECIFIED., .F., .T. ) 
 B_SPLINE_CURVE_WITH_KNOTS ( ( 4, 4 ),
 ( 4.712388980384689674, 5.119995422759310522 ),
 .UNSPECIFIED. ) 
 CURVE ( )  GEOMETRIC_REPRESENTATION_ITEM ( )  RATIONAL_B_SPLINE_CURVE ( ( 1.000000000000000000, 0.9862026054539093645, 0.9862026054539093645, 1.000000000000000000 ) ) 
 REPRESENTATION_ITEM ( '' )  );
#2671 = DIRECTION ( 'NONE',  ( -0.000000000000000000, 1.000000000000000000, -0.000000000000000000 ) ) ;
#2672 = DIRECTION ( 'NONE',  ( 0.000000000000000000, -1.000000000000000000, 0.000000000000000000 ) ) ;
#2673 = CYLINDRICAL_SURFACE ( 'NONE', #2795, 1.587499999999999911 ) ;
#2674 = CARTESIAN_POINT ( 'NONE',  ( 3.769900774989678460, -4.561373060354569908, 3.337930651991580788 ) ) ;
#2675 = CARTESIAN_POINT ( 'NONE',  ( -4.606983000847183263, -4.401940068251888327, 1.980884907584627319 ) ) ;
#2676 = ORIENTED_EDGE ( 'NONE', *, *, #1077, .T. ) ;
#2677 = CARTESIAN_POINT ( 'NONE',  ( -0.1476107975470371536, -4.399903719122189472, -5.127053595190578683 ) ) ;
#2678 = ORIENTED_EDGE ( 'NONE', *, *, #1207, .F. ) ;
#2679 = EDGE_CURVE ( 'NONE', #1194, #585, #2749, .T. ) ;
#2680 = EDGE_LOOP ( 'NONE', ( #1097, #2784 ) ) ;
#2681 = CARTESIAN_POINT ( 'NONE',  ( -5.531632801243074660, -6.199999999999997513, 2.006430939432425120 ) ) ;
#2682 = DIRECTION ( 'NONE',  ( 0.000000000000000000, 1.000000000000000000, 0.000000000000000000 ) ) ;
#2683 = CARTESIAN_POINT ( 'NONE',  ( 0.000000000000000000, -3.800000000000004707, 4.750000000000000888 ) ) ;
#2684 = DIRECTION ( 'NONE',  ( 0.000000000000000000, 1.000000000000000000, 0.000000000000000000 ) ) ;
#2685 = CARTESIAN_POINT ( 'NONE',  ( 0.7001034673139217013, -6.199999999999998401, -0.7752942664011969187 ) ) ;
#2686 = CARTESIAN_POINT ( 'NONE',  ( 4.659551285717893343, -4.380716599136913914, 1.819144391611755118 ) ) ;
#2687 = CARTESIAN_POINT ( 'NONE',  ( 4.000046249414419108, -4.337622639657550572, 3.003681723119647540 ) ) ;
#2688 = CARTESIAN_POINT ( 'NONE',  ( -4.793276772142943898, -4.583141019710222253, 1.611051709717727265 ) ) ;
#2689 = EDGE_LOOP ( 'NONE', ( #659, #1514, #1852 ) ) ;
#2690 = CARTESIAN_POINT ( 'NONE',  ( -1.145223409846478635, -4.648147487099104858, -4.992955515642150566 ) ) ;
#2691 = ORIENTED_EDGE ( 'NONE', *, *, #1119, .F. ) ;
#2692 = ORIENTED_EDGE ( 'NONE', *, *, #3043, .T. ) ;
#2693 = DIRECTION ( 'NONE',  ( -0.8660254037844362651, 0.000000000000000000, -0.5000000000000041078 ) ) ;
#2694 = EDGE_CURVE ( 'NONE', #2758, #1544, #2041, .T. ) ;
#2695 = CARTESIAN_POINT ( 'NONE',  ( -0.7489649327019272107, -4.379125486717680538, -4.945665981939740163 ) ) ;
#2696 = DIRECTION ( 'NONE',  ( 0.5000000000000098810, 0.000000000000000000, -0.8660254037844330455 ) ) ;
#2697 = FACE_OUTER_BOUND ( 'NONE', #2580, .T. ) ;
#2698 = CARTESIAN_POINT ( 'NONE',  ( 0.5178947888217473317, -6.106142459534860123, -0.4925921687027387530 ) ) ;
#2699 = CYLINDRICAL_SURFACE ( 'NONE', #210, 2.593749999999996891 ) ;
#2700 = AXIS2_PLACEMENT_3D ( 'NONE', #1360, #3040, #2984 ) ;
#2701 = VERTEX_POINT ( 'NONE', #2450 ) ;
#2702 = CARTESIAN_POINT ( 'NONE',  ( -4.552184185953923823, -4.412570327631627265, 2.288406849618513927 ) ) ;
#2703 = VECTOR ( 'NONE', #1948, 1000.000000000000000 ) ;
#2704 = CARTESIAN_POINT ( 'NONE',  ( 1.624819301553394268, -4.971993016631443219, -4.835414046387343845 ) ) ;
#2705 = FACE_OUTER_BOUND ( 'NONE', #403, .T. ) ;
#2706 = ORIENTED_EDGE ( 'NONE', *, *, #2184, .F. ) ;
#2707 = AXIS2_PLACEMENT_3D ( 'NONE', #2725, #1070, #1193 ) ;
#2708 = VERTEX_POINT ( 'NONE', #996 ) ;
#2709 = CARTESIAN_POINT ( 'NONE',  ( 0.000000000000000000, -4.872999999999998444, -5.793750000000001066 ) ) ;
#2710 = CIRCLE ( 'NONE', #78, 0.3988905879941250232 ) ;
#2711 = PERSON_AND_ORGANIZATION ( #1932, #84 ) ;
#2712 = ADVANCED_FACE ( 'NONE', ( #2936 ), #364, .F. ) ;
#2713 = CARTESIAN_POINT ( 'NONE',  ( 5.017534683176079646, -4.872999999999998444, 4.601251718921045786 ) ) ;
#2714 = TOROIDAL_SURFACE ( 'NONE', #786, 1.704376718921021050, 0.1270000000000000018 ) ;
#2715 = FACE_OUTER_BOUND ( 'NONE', #2689, .T. ) ;
#2716 = CARTESIAN_POINT ( 'NONE',  ( 4.841302550162020601, -4.633317760058299761, 1.476045163169832808 ) ) ;
#2717 = DIRECTION ( 'NONE',  ( 0.000000000000000000, 1.000000000000000000, 0.000000000000000000 ) ) ;
#2718 = EDGE_CURVE ( 'NONE', #448, #422, #1884, .T. ) ;
#2719 = ORIENTED_EDGE ( 'NONE', *, *, #1084, .T. ) ;
#2720 = CARTESIAN_POINT ( 'NONE',  ( -4.706172930116756525, -4.429182344004797933, 1.688795465240951366 ) ) ;
#2721 = CARTESIAN_POINT ( 'NONE',  ( -0.1376730396144901225, -5.987500000000000711, -0.2675849505156309149 ) ) ;
#2722 = LOCAL_TIME ( 18, 28, 10.00000000000000000, #1041 ) ;
#2723 = DIRECTION ( 'NONE',  ( 0.000000000000000000, 0.000000000000000000, 1.000000000000000000 ) ) ;
#2724 = ADVANCED_FACE ( 'NONE', ( #1988 ), #2699, .T. ) ;
#2725 = CARTESIAN_POINT ( 'NONE',  ( -5.017534683176119614, -6.993749999999997691, 2.896874999999953904 ) ) ;
#2726 = ORIENTED_EDGE ( 'NONE', *, *, #546, .T. ) ;
#2727 = ORIENTED_EDGE ( 'NONE', *, *, #849, .F. ) ;
#2728 = CARTESIAN_POINT ( 'NONE',  ( -8.249999999999998224, -6.199999999999997513, 8.673617379884035472E-16 ) ) ;
#2729 = APPROVAL_DATE_TIME ( #1060, #861 ) ;
#2730 = CARTESIAN_POINT ( 'NONE',  ( -5.017534683176119614, -6.069939759036143911, 3.295765587994078594 ) ) ;
#2731 = DIRECTION ( 'NONE',  ( 2.669102149264135886E-15, 0.000000000000000000, -1.000000000000000000 ) ) ;
#2732 = CARTESIAN_POINT ( 'NONE',  ( 4.583028506354495768, -4.412979229434191630, 2.301437962634810486 ) ) ;
#2733 = DIRECTION ( 'NONE',  ( -0.000000000000000000, 1.000000000000000000, -0.000000000000000000 ) ) ;
#2734 = EDGE_LOOP ( 'NONE', ( #2834, #1645, #1477, #1159 ) ) ;
#2735 = CARTESIAN_POINT ( 'NONE',  ( -4.523265042038019601, -4.398641331359282702, 2.272204135817424309 ) ) ;
#2736 = CARTESIAN_POINT ( 'NONE',  ( 8.249999999999998224, -4.999999999999999112, -2.499999999999999556 ) ) ;
#2737 = EDGE_CURVE ( 'NONE', #1221, #585, #545, .T. ) ;
#2738 = DIRECTION ( 'NONE',  ( 0.000000000000000000, 0.000000000000000000, 1.000000000000000000 ) ) ;
#2739 = CARTESIAN_POINT ( 'NONE',  ( 3.335403042527016471, -4.872999999999998444, 3.893740559398061407 ) ) ;
#2740 = ORIENTED_EDGE ( 'NONE', *, *, #293, .T. ) ;
#2741 = ORIENTED_EDGE ( 'NONE', *, *, #170, .T. ) ;
#2742 = ORIENTED_EDGE ( 'NONE', *, *, #503, .F. ) ;
#2743 =( NAMED_UNIT ( * ) SI_UNIT ( $, .STERADIAN. ) SOLID_ANGLE_UNIT ( ) );
#2744 = FACE_OUTER_BOUND ( 'NONE', #1966, .T. ) ;
#2745 = ORIENTED_EDGE ( 'NONE', *, *, #2942, .F. ) ;
#2746 = CARTESIAN_POINT ( 'NONE',  ( -1.185522648174533566, -6.199999999999997513, -0.5027969273694089525 ) ) ;
#2747 = CARTESIAN_POINT ( 'NONE',  ( 4.868126474569531403, -4.647130368080308216, 1.490708126344716611 ) ) ;
#2748 = DIRECTION ( 'NONE',  ( 0.000000000000000000, 0.000000000000000000, 1.000000000000000000 ) ) ;
#2749 = CIRCLE ( 'NONE', #2044, 1.587499999999999911 ) ;
#2750 = CARTESIAN_POINT ( 'NONE',  ( -4.972752346043701088, -4.967173580240784148, 1.001764700607686409 ) ) ;
#2751 = DIRECTION ( 'NONE',  ( -0.000000000000000000, 1.000000000000000000, -0.000000000000000000 ) ) ;
#2752 = CIRCLE ( 'NONE', #927, 1.624819301553394713 ) ;
#2753 = DIRECTION ( 'NONE',  ( 0.8660254037844432595, 0.000000000000000000, -0.4999999999999919509 ) ) ;
#2754 = AXIS2_PLACEMENT_3D ( 'NONE', #1621, #2584, #215 ) ;
#2755 = ADVANCED_FACE ( 'NONE', ( #769 ), #2592, .T. ) ;
#2756 = FACE_OUTER_BOUND ( 'NONE', #504, .T. ) ;
#2757 = ORIENTED_EDGE ( 'NONE', *, *, #1182, .F. ) ;
#2758 = VERTEX_POINT ( 'NONE', #2163 ) ;
#2759 = ORIENTED_EDGE ( 'NONE', *, *, #717, .F. ) ;
#2760 = EDGE_LOOP ( 'NONE', ( #2296, #1761, #208, #2134 ) ) ;
#2761 = AXIS2_PLACEMENT_3D ( 'NONE', #411, #1638, #157 ) ;
#2762 = EDGE_CURVE ( 'NONE', #2608, #3094, #2651, .T. ) ;
#2763 = CARTESIAN_POINT ( 'NONE',  ( 0.000000000000000000, 6.199999999999997513, 0.000000000000000000 ) ) ;
#2764 = DIRECTION ( 'NONE',  ( 0.000000000000000000, -1.000000000000000000, 0.000000000000000000 ) ) ;
#2765 = CARTESIAN_POINT ( 'NONE',  ( 4.654647579985193850, -4.409505248601576888, 1.830497552761308766 ) ) ;
#2766 = AXIS2_PLACEMENT_3D ( 'NONE', #2019, #1814, #347 ) ;
#2767 = CARTESIAN_POINT ( 'NONE',  ( 1.849216666712500727E-16, 6.199999999999997513, 1.509999999999997788 ) ) ;
#2768 = CLOSED_SHELL ( 'NONE', ( #1152, #1738, #642, #1272, #1509, #231, #3009, #2539, #2581, #821, #1315, #1186, #2246, #2987, #348, #2079, #2212, #1900, #2596, #2432, #984, #2805, #656, #2866, #940, #355, #1001, #1710, #2946, #2852, #1409, #1562, #2755, #2575, #1822, #1062, #2724, #2789, #193, #1173, #2294, #2508, #1435, #604, #36, #1421, #463, #76, #457, #3139, #825, #2927, #2270, #1273, #759, #3082, #441, #2658, #567, #527, #1079, #2527, #424, #1804, #1222, #1751, #1310, #1289, #2133, #247, #1539, #328, #2227, #3041, #2488, #3024, #1909, #485, #1547, #2446, #1593, #1981, #1369, #39, #896, #1749, #2712, #2623, #2810, #2909 ) ) ;
#2769 = DIRECTION ( 'NONE',  ( -0.000000000000000000, 1.000000000000000000, -0.000000000000000000 ) ) ;
#2770 = CARTESIAN_POINT ( 'NONE',  ( 0.000000000000000000, -4.971993016631442330, -5.793750000000001066 ) ) ;
#2771 = CARTESIAN_POINT ( 'NONE',  ( -4.896554689085149903, -4.648140426537048953, 1.504842036376662806 ) ) ;
#2772 = CARTESIAN_POINT ( 'NONE',  ( 0.1676499478573026947, -6.106142459864389416, 0.6948061276111567874 ) ) ;
#2773 = ORIENTED_EDGE ( 'NONE', *, *, #805, .T. ) ;
#2774 = ORIENTED_EDGE ( 'NONE', *, *, #2382, .T. ) ;
#2775 = EDGE_CURVE ( 'NONE', #1982, #570, #3001, .T. ) ;
#2776 = CARTESIAN_POINT ( 'NONE',  ( 1.392790804670279167E-15, -6.072999999999996845, 11.37299999999995492 ) ) ;
#2777 = ORIENTED_EDGE ( 'NONE', *, *, #2407, .T. ) ;
#2778 = CARTESIAN_POINT ( 'NONE',  ( 4.410832378620790806, -4.400000049953621151, 2.547183078304128490 ) ) ;
#2779 = CARTESIAN_POINT ( 'NONE',  ( 0.000000000000000000, -6.072999999999996845, 0.000000000000000000 ) ) ;
#2780 = CARTESIAN_POINT ( 'NONE',  ( -4.860808806484180344, -4.718245776428153349, 1.177741486521264092 ) ) ;
#2781 = CYLINDRICAL_SURFACE ( 'NONE', #432, 2.593749999999996447 ) ;
#2782 = CARTESIAN_POINT ( 'NONE',  ( -4.959598322477846821, -4.791400284973059698, 1.246719507736185895 ) ) ;
#2783 = DIRECTION ( 'NONE',  ( -0.000000000000000000, -0.000000000000000000, 1.000000000000000000 ) ) ;
#2784 = ORIENTED_EDGE ( 'NONE', *, *, #2718, .T. ) ;
#2785 =( BOUNDED_CURVE ( )  B_SPLINE_CURVE ( 3, ( #232, #1209, #2168, #3129 ),
 .UNSPECIFIED., .F., .T. ) 
 B_SPLINE_CURVE_WITH_KNOTS ( ( 4, 4 ),
 ( 1.163189884417853204, 1.570796326794896780 ),
 .UNSPECIFIED. ) 
 CURVE ( )  GEOMETRIC_REPRESENTATION_ITEM ( )  RATIONAL_B_SPLINE_CURVE ( ( 1.000000000000000000, 0.9862026054537459396, 0.9862026054537459396, 1.000000000000000000 ) ) 
 REPRESENTATION_ITEM ( '' )  );
#2786 = ORIENTED_EDGE ( 'NONE', *, *, #1136, .F. ) ;
#2787 = CARTESIAN_POINT ( 'NONE',  ( 4.503436565109112166, -4.612499999999996270, 3.787319060567546192 ) ) ;
#2788 = EDGE_LOOP ( 'NONE', ( #436, #718, #1072, #2078 ) ) ;
#2789 = ADVANCED_FACE ( 'NONE', ( #1941 ), #2654, .T. ) ;
#2790 = LINE ( 'NONE', #81, #776 ) ;
#2791 = DIRECTION ( 'NONE',  ( 8.659560562354952580E-17, -0.7071067811865460184, 0.7071067811865490160 ) ) ;
#2792 = CARTESIAN_POINT ( 'NONE',  ( -4.954122933216670965, -4.800983523871529712, 1.251808362761174909 ) ) ;
#2793 = CARTESIAN_POINT ( 'NONE',  ( 0.000000000000000000, -6.199999999999997513, 0.000000000000000000 ) ) ;
#2794 = DIRECTION ( 'NONE',  ( -1.000000000000000000, 0.000000000000000000, 0.000000000000000000 ) ) ;
#2795 = AXIS2_PLACEMENT_3D ( 'NONE', #1231, #2189, #1959 ) ;
#2796 = CARTESIAN_POINT ( 'NONE',  ( 0.1097250682528006782, -6.199999999999997513, 1.250608343922997800 ) ) ;
#2797 = VERTEX_POINT ( 'NONE', #1925 ) ;
#2798 = AXIS2_PLACEMENT_3D ( 'NONE', #2100, #924, #944 ) ;
#2799 = CIRCLE ( 'NONE', #1747, 2.593749999999996003 ) ;
#2800 = ORIENTED_EDGE ( 'NONE', *, *, #2119, .T. ) ;
#2801 = DIRECTION ( 'NONE',  ( -0.8660254037844427044, -3.520972723674244457E-17, 0.4999999999999930056 ) ) ;
#2802 = ORIENTED_EDGE ( 'NONE', *, *, #1922, .F. ) ;
#2803 = DIRECTION ( 'NONE',  ( 1.224646799147354193E-16, 0.000000000000000000, -1.000000000000000000 ) ) ;
#2804 = CARTESIAN_POINT ( 'NONE',  ( -4.124999999999997335, -4.999999999999999112, 7.144709581221618144 ) ) ;
#2805 = ADVANCED_FACE ( 'NONE', ( #2885 ), #1455, .T. ) ;
#2806 = CIRCLE ( 'NONE', #2962, 11.49999999999995381 ) ;
#2807 = DIRECTION ( 'NONE',  ( 0.000000000000000000, 0.000000000000000000, 1.000000000000000000 ) ) ;
#2808 = CARTESIAN_POINT ( 'NONE',  ( -8.249999999999998224, -4.999999999999999112, 8.673617379884035472E-16 ) ) ;
#2809 = CARTESIAN_POINT ( 'NONE',  ( -5.017534683176119614, -4.971993016631442330, 4.521694301553347728 ) ) ;
#2810 = ADVANCED_FACE ( 'NONE', ( #2904 ), #2135, .T. ) ;
#2811 = CIRCLE ( 'NONE', #1706, 1.587499999999999911 ) ;
#2812 = CARTESIAN_POINT ( 'NONE',  ( 4.125000000000000000, -4.999999999999999112, 4.644709581221616368 ) ) ;
#2813 = EDGE_LOOP ( 'NONE', ( #843, #2090, #2846, #956 ) ) ;
#2814 = AXIS2_PLACEMENT_3D ( 'NONE', #962, #3121, #1181 ) ;
#2815 = EDGE_CURVE ( 'NONE', #1558, #1287, #152, .T. ) ;
#2816 = SECURITY_CLASSIFICATION ( '', '', #555 ) ;
#2817 = ORIENTED_EDGE ( 'NONE', *, *, #2492, .F. ) ;
#2818 = EDGE_LOOP ( 'NONE', ( #3116, #1117, #2178, #142 ) ) ;
#2819 = CARTESIAN_POINT ( 'NONE',  ( -4.125000000000003553, -6.199999999999997513, -4.644709581221614592 ) ) ;
#2820 = EDGE_LOOP ( 'NONE', ( #2015, #1952, #214, #2245 ) ) ;
#2821 = CARTESIAN_POINT ( 'NONE',  ( -4.124999999999997335, -6.199999999999997513, 7.144709581221618144 ) ) ;
#2822 = FACE_OUTER_BOUND ( 'NONE', #774, .T. ) ;
#2823 = DIRECTION ( 'NONE',  ( -0.5000000000000038858, 0.000000000000000000, 0.8660254037844363761 ) ) ;
#2824 = CARTESIAN_POINT ( 'NONE',  ( -1.704376718921021272, -4.872999999999998444, -4.835414046387343845 ) ) ;
#2825 = DIRECTION ( 'NONE',  ( 0.000000000000000000, 1.000000000000000000, 0.000000000000000000 ) ) ;
#2826 = DIRECTION ( 'NONE',  ( -1.000000000000000000, 0.000000000000000000, 0.000000000000000000 ) ) ;
#2827 = EDGE_CURVE ( 'NONE', #1848, #1982, #2617, .T. ) ;
#2828 = LINE ( 'NONE', #2520, #2291 ) ;
#2829 = ORIENTED_EDGE ( 'NONE', *, *, #685, .F. ) ;
#2830 = EDGE_CURVE ( 'NONE', #1680, #74, #836, .T. ) ;
#2831 = ORIENTED_EDGE ( 'NONE', *, *, #622, .T. ) ;
#2832 = ORIENTED_EDGE ( 'NONE', *, *, #2039, .T. ) ;
#2833 = DIRECTION ( 'NONE',  ( -1.000000000000000000, 0.000000000000000000, 0.000000000000000000 ) ) ;
#2834 = ORIENTED_EDGE ( 'NONE', *, *, #958, .F. ) ;
#2835 = DIRECTION ( 'NONE',  ( 0.000000000000000000, 1.000000000000000000, 0.000000000000000000 ) ) ;
#2836 = CARTESIAN_POINT ( 'NONE',  ( 1.148497764335893123, -4.649724014165135699, -4.992133681310767734 ) ) ;
#2837 = DIRECTION ( 'NONE',  ( -0.000000000000000000, 1.000000000000000000, -0.000000000000000000 ) ) ;
#2838 = DIRECTION ( 'NONE',  ( -0.000000000000000000, 1.000000000000000000, -0.000000000000000000 ) ) ;
#2839 = DIRECTION ( 'NONE',  ( 0.8660254037844432595, 0.000000000000000000, -0.4999999999999919509 ) ) ;
#2840 = CARTESIAN_POINT ( 'NONE',  ( -5.017534683176119614, -6.069939759036143911, 2.896874999999953904 ) ) ;
#2841 = CARTESIAN_POINT ( 'NONE',  ( -4.186259534180753583, -4.351447589599972687, 2.761671871115873422 ) ) ;
#2842 = ORIENTED_EDGE ( 'NONE', *, *, #268, .F. ) ;
#2843 = AXIS2_PLACEMENT_3D ( 'NONE', #529, #478, #785 ) ;
#2844 = EDGE_CURVE ( 'NONE', #1990, #2549, #1800, .T. ) ;
#2845 = AXIS2_PLACEMENT_3D ( 'NONE', #1326, #362, #1312 ) ;
#2846 = ORIENTED_EDGE ( 'NONE', *, *, #1119, .T. ) ;
#2847 = CIRCLE ( 'NONE', #2095, 1.704376718921020828 ) ;
#2848 = CYLINDRICAL_SURFACE ( 'NONE', #588, 1.587499999999999467 ) ;
#2849 = VERTEX_POINT ( 'NONE', #2526 ) ;
#2850 = AXIS2_PLACEMENT_3D ( 'NONE', #188, #2568, #2125 ) ;
#2851 = CARTESIAN_POINT ( 'NONE',  ( 4.514706655134040680, -4.400020960884052812, 2.434275356091363474 ) ) ;
#2852 = ADVANCED_FACE ( 'NONE', ( #1345 ), #263, .T. ) ;
#2853 = DIRECTION ( 'NONE',  ( 0.000000000000000000, 1.000000000000000000, 0.000000000000000000 ) ) ;
#2854 = DIRECTION ( 'NONE',  ( 0.000000000000000000, -1.000000000000000000, 0.000000000000000000 ) ) ;
#2855 = DIRECTION ( 'NONE',  ( 0.000000000000000000, 0.000000000000000000, 1.000000000000000000 ) ) ;
#2856 = DIRECTION ( 'NONE',  ( 0.000000000000000000, 0.000000000000000000, -1.000000000000000000 ) ) ;
#2857 = DIRECTION ( 'NONE',  ( 0.000000000000000000, 0.000000000000000000, 1.000000000000000000 ) ) ;
#2858 = AXIS2_PLACEMENT_3D ( 'NONE', #1370, #1619, #1869 ) ;
#2859 = CARTESIAN_POINT ( 'NONE',  ( -3.698943883519247855, -4.633317760058299761, 3.454668414261762965 ) ) ;
#2860 = ORIENTED_EDGE ( 'NONE', *, *, #811, .F. ) ;
#2861 = AXIS2_PLACEMENT_3D ( 'NONE', #35, #772, #1742 ) ;
#2862 = VERTEX_POINT ( 'NONE', #1092 ) ;
#2863 = CARTESIAN_POINT ( 'NONE',  ( 4.124999999999992895, -6.199999999999997513, -9.644709581221620809 ) ) ;
#2864 = ORIENTED_EDGE ( 'NONE', *, *, #2694, .F. ) ;
#2865 = CARTESIAN_POINT ( 'NONE',  ( 1.624819301553394268, -4.971993016631442330, -5.793750000000001066 ) ) ;
#2866 = ADVANCED_FACE ( 'NONE', ( #2986 ), #351, .T. ) ;
#2867 = FACE_OUTER_BOUND ( 'NONE', #1997, .T. ) ;
#2868 = DIRECTION ( 'NONE',  ( 0.000000000000000000, 0.000000000000000000, 1.000000000000000000 ) ) ;
#2869 = CARTESIAN_POINT ( 'NONE',  ( 1.624819301553394713, -4.971993016631442330, 0.000000000000000000 ) ) ;
#2870 = CARTESIAN_POINT ( 'NONE',  ( 1.400567311844864910E-15, -6.199999999999997513, 11.37299999999995492 ) ) ;
#2871 = CARTESIAN_POINT ( 'NONE',  ( -8.289652360993128827E-16, -5.987500000000001599, -3.110177089835554564E-15 ) ) ;
#2872 = CARTESIAN_POINT ( 'NONE',  ( 3.842650907049429243, -4.599333382990292485, 3.382281859098634325 ) ) ;
#2873 = CARTESIAN_POINT ( 'NONE',  ( -3.559468014524655999, -4.791421755063401733, 3.671796583184225415 ) ) ;
#2874 = ORIENTED_EDGE ( 'NONE', *, *, #2360, .T. ) ;
#2875 = EDGE_LOOP ( 'NONE', ( #1584, #1678, #2963, #330, #1381, #1746, #1676 ) ) ;
#2876 = DIRECTION ( 'NONE',  ( 1.224646799147353207E-16, -1.000000000000000000, 0.000000000000000000 ) ) ;
#2877 = VERTEX_POINT ( 'NONE', #2055 ) ;
#2878 = CARTESIAN_POINT ( 'NONE',  ( 4.898116623596107111, -4.650542818136712775, 1.499622198740208967 ) ) ;
#2879 = CYLINDRICAL_SURFACE ( 'NONE', #1108, 2.500000000000000444 ) ;
#2880 = EDGE_CURVE ( 'NONE', #2180, #163, #641, .T. ) ;
#2881 = CYLINDRICAL_SURFACE ( 'NONE', #1552, 1.587499999999999689 ) ;
#2882 =( BOUNDED_SURFACE ( )  B_SPLINE_SURFACE ( 3, 2, ( 
 ( #2871, #1863, #667 ),
 ( #1183, #2335, #160 ),
 ( #2588, #1123, #902 ),
 ( #1642, #204, #431 ) ),
 .UNSPECIFIED., .F., .F., .T. ) 
 B_SPLINE_SURFACE_WITH_KNOTS ( ( 4, 4 ),
 ( 3, 3 ),
 ( 4.712388980384689674, 5.122441061416338925 ),
 ( 0.000000000000000000, 1.000000000000000000 ),
 .UNSPECIFIED. ) 
 GEOMETRIC_REPRESENTATION_ITEM ( )  RATIONAL_B_SPLINE_SURFACE ( (
 ( 1.000000000000000000, 1.000000000000000000, 1.000000000000000000),
 ( 1.000000000000000000, 1.000066934504329152, 1.000000000000000000),
 ( 1.000000000000000000, 0.9927474967024961794, 1.000000000000000000),
 ( 1.000000000000000000, 0.9799327174561907050, 1.000000000000000000) ) ) 
 REPRESENTATION_ITEM ( '' )  SURFACE ( )  );
#2883 = CARTESIAN_POINT ( 'NONE',  ( 4.124999999999992895, -6.199999999999997513, -7.144709581221620809 ) ) ;
#2884 = DIRECTION ( 'NONE',  ( 0.8660254037844444808, -0.000000000000000000, -0.4999999999999901745 ) ) ;
#2885 = FACE_OUTER_BOUND ( 'NONE', #724, .T. ) ;
#2886 = CARTESIAN_POINT ( 'NONE',  ( 3.730836992642270644, -4.510151960393366188, 3.331270550816831655 ) ) ;
#2887 = CARTESIAN_POINT ( 'NONE',  ( -3.814072874638559263, -4.430047276752477003, 3.233100963533093619 ) ) ;
#2888 = EDGE_LOOP ( 'NONE', ( #566, #1618, #2344, #420 ) ) ;
#2889 = CARTESIAN_POINT ( 'NONE',  ( 1.028196236133927410, -4.612499999999997158, -6.799999999999997158 ) ) ;
#2890 = EDGE_CURVE ( 'NONE', #552, #407, #1004, .T. ) ;
#2891 = ORIENTED_EDGE ( 'NONE', *, *, #1364, .T. ) ;
#2892 = ORIENTED_EDGE ( 'NONE', *, *, #1597, .F. ) ;
#2893 = CIRCLE ( 'NONE', #830, 11.37299999999995492 ) ;
#2894 = DIRECTION ( 'NONE',  ( -1.000000000000000000, -0.000000000000000000, -0.000000000000000000 ) ) ;
#2895 = EDGE_LOOP ( 'NONE', ( #2627, #2583, #122, #502 ) ) ;
#2896 = CARTESIAN_POINT ( 'NONE',  ( 0.000000000000000000, -4.872999999999998444, 0.000000000000000000 ) ) ;
#2897 = AXIS2_PLACEMENT_3D ( 'NONE', #176, #665, #1639 ) ;
#2898 = CARTESIAN_POINT ( 'NONE',  ( 0.000000000000000000, -4.999999999999999112, 0.000000000000000000 ) ) ;
#2899 = VECTOR ( 'NONE', #249, 1000.000000000000000 ) ;
#2900 = DIRECTION ( 'NONE',  ( 0.000000000000000000, 0.000000000000000000, 1.000000000000000000 ) ) ;
#2901 = CARTESIAN_POINT ( 'NONE',  ( 5.039779761448051509, -4.872999999999997556, 0.9416734869893211846 ) ) ;
#2902 = DIRECTION ( 'NONE',  ( 0.4999999999999910627, 0.000000000000000000, 0.8660254037844435926 ) ) ;
#2903 = EDGE_CURVE ( 'NONE', #570, #2797, #110, .T. ) ;
#2904 = FACE_OUTER_BOUND ( 'NONE', #1512, .T. ) ;
#2905 = ORIENTED_EDGE ( 'NONE', *, *, #2407, .F. ) ;
#2906 = CARTESIAN_POINT ( 'NONE',  ( 4.124438878737695546, -4.400025339233575750, 2.889647159852092084 ) ) ;
#2907 = CARTESIAN_POINT ( 'NONE',  ( -3.998989377967078429, -4.500350103760314191, 3.150982680383554335 ) ) ;
#2908 = ORIENTED_EDGE ( 'NONE', *, *, #2468, .T. ) ;
#2909 = ADVANCED_FACE ( 'NONE', ( #1828 ), #901, .T. ) ;
#2910 = DIRECTION ( 'NONE',  ( 0.000000000000000000, 0.000000000000000000, -1.000000000000000000 ) ) ;
#2911 = VECTOR ( 'NONE', #1984, 999.9999999999998863 ) ;
#2912 = ORIENTED_EDGE ( 'NONE', *, *, #2424, .F. ) ;
#2913 = CIRCLE ( 'NONE', #2255, 11.37299999999995492 ) ;
#2914 = AXIS2_PLACEMENT_3D ( 'NONE', #824, #582, #1331 ) ;
#2915 = ORIENTED_EDGE ( 'NONE', *, *, #3135, .F. ) ;
#2916 = DIRECTION ( 'NONE',  ( -0.000000000000000000, 1.000000000000000000, -0.000000000000000000 ) ) ;
#2917 = CARTESIAN_POINT ( 'NONE',  ( 0.3042566934529381539, -4.272934795767933558, -5.000033746460969653 ) ) ;
#2918 = CIRCLE ( 'NONE', #746, 1.028196236133927410 ) ;
#2919 = DIRECTION ( 'NONE',  ( -1.000000000000000000, 0.000000000000000000, 0.000000000000000000 ) ) ;
#2920 = CARTESIAN_POINT ( 'NONE',  ( 0.4746511002129819023, -6.070918063027306744, 0.7372465590317578421 ) ) ;
#2921 = DIRECTION ( 'NONE',  ( 0.000000000000000000, 0.000000000000000000, -1.000000000000000000 ) ) ;
#2922 = DIRECTION ( 'NONE',  ( 1.000000000000000000, 0.000000000000000000, 0.000000000000000000 ) ) ;
#2923 = CARTESIAN_POINT ( 'NONE',  ( 4.173839587170975918, -4.437407711123879217, 2.916603222306177745 ) ) ;
#2924 = CARTESIAN_POINT ( 'NONE',  ( -4.341714201436825959, -4.338386318907302197, 2.506097722127346827 ) ) ;
#2925 = CARTESIAN_POINT ( 'NONE',  ( 0.000000000000000000, -4.999999999999999112, 5.127000000000001556 ) ) ;
#2926 = CARTESIAN_POINT ( 'NONE',  ( 4.125000000000000000, -6.199999999999997513, 9.644709581221617256 ) ) ;
#2927 = ADVANCED_FACE ( 'NONE', ( #1520 ), #2236, .F. ) ;
#2928 = ORIENTED_EDGE ( 'NONE', *, *, #2018, .T. ) ;
#2929 = VERTEX_POINT ( 'NONE', #1770 ) ;
#2930 = DIRECTION ( 'NONE',  ( 0.000000000000000000, 0.000000000000000000, -1.000000000000000000 ) ) ;
#2931 = CARTESIAN_POINT ( 'NONE',  ( 4.125000000000000000, -4.999999999999999112, 7.144709581221616368 ) ) ;
#2932 = EDGE_CURVE ( 'NONE', #2, #3008, #726, .T. ) ;
#2933 = DIRECTION ( 'NONE',  ( -0.000000000000000000, 1.000000000000000000, -0.000000000000000000 ) ) ;
#2934 = DIRECTION ( 'NONE',  ( -0.000000000000000000, -0.000000000000000000, -1.000000000000000000 ) ) ;
#2935 = CARTESIAN_POINT ( 'NONE',  ( 4.972752346043679772, -4.967173580240784148, 1.001764700607745473 ) ) ;
#2936 = FACE_OUTER_BOUND ( 'NONE', #2421, .T. ) ;
#2937 = CARTESIAN_POINT ( 'NONE',  ( 3.466524441282243796, -4.882491691439723169, 3.748983946189081262 ) ) ;
#2938 = CARTESIAN_POINT ( 'NONE',  ( -4.564727287774323017, -4.400025339233576638, 2.127045265416983355 ) ) ;
#2939 = ORIENTED_EDGE ( 'NONE', *, *, #1698, .T. ) ;
#2940 = DIRECTION ( 'NONE',  ( 0.000000000000000000, -1.000000000000000000, 0.000000000000000000 ) ) ;
#2941 = ORIENTED_EDGE ( 'NONE', *, *, #2027, .F. ) ;
#2942 = EDGE_CURVE ( 'NONE', #1868, #2929, #1561, .T. ) ;
#2943 = EDGE_LOOP ( 'NONE', ( #813, #1651, #2336, #1366 ) ) ;
#2944 = CARTESIAN_POINT ( 'NONE',  ( -0.8124096507766843667, -4.971993016631442330, -1.407134791704535814 ) ) ;
#2945 = AXIS2_PLACEMENT_3D ( 'NONE', #1065, #2022, #2748 ) ;
#2946 = ADVANCED_FACE ( 'NONE', ( #2098, #397, #2331, #1403, #3056, #1177, #2348, #1592 ), #189, .T. ) ;
#2947 = APPROVAL_ROLE ( '' ) ;
#2948 = CARTESIAN_POINT ( 'NONE',  ( -4.125000000000003553, -6.199999999999997513, -4.644709581221614592 ) ) ;
#2949 = AXIS2_PLACEMENT_3D ( 'NONE', #1432, #2838, #202 ) ;
#2950 = DIRECTION ( 'NONE',  ( 1.000000000000000000, 0.000000000000000000, 0.000000000000000000 ) ) ;
#2951 = CARTESIAN_POINT ( 'NONE',  ( 4.866259880709599805, -4.708267527920986240, 1.172616963004275759 ) ) ;
#2952 = EDGE_CURVE ( 'NONE', #137, #2862, #283, .T. ) ;
#2953 = CARTESIAN_POINT ( 'NONE',  ( 4.406942823263566567, -4.273063366176891975, 2.366885536797234124 ) ) ;
#2954 = AXIS2_PLACEMENT_3D ( 'NONE', #2441, #1969, #2231 ) ;
#2955 = EDGE_LOOP ( 'NONE', ( #2664, #1459, #489, #2641 ) ) ;
#2956 = CARTESIAN_POINT ( 'NONE',  ( -4.673360367770477808, -4.462245094616133834, 2.024292155697706264 ) ) ;
#2957 = DIRECTION ( 'NONE',  ( 0.000000000000000000, 1.000000000000000000, 0.000000000000000000 ) ) ;
#2958 = DIRECTION ( 'NONE',  ( -0.5000000000000039968, 0.000000000000000000, 0.8660254037844362651 ) ) ;
#2959 = ORIENTED_EDGE ( 'NONE', *, *, #1792, .F. ) ;
#2960 = VECTOR ( 'NONE', #2933, 1000.000000000000000 ) ;
#2961 = VERTEX_POINT ( 'NONE', #156 ) ;
#2962 = AXIS2_PLACEMENT_3D ( 'NONE', #1339, #1797, #2069 ) ;
#2963 = ORIENTED_EDGE ( 'NONE', *, *, #1827, .F. ) ;
#2964 = PRODUCT_RELATED_PRODUCT_CATEGORY ( 'detail', '', ( #2046 ) ) ;
#2965 = DIRECTION ( 'NONE',  ( 8.498072298580705161E-15, 6.829619984160590401E-15, -1.000000000000000000 ) ) ;
#2966 = AXIS2_PLACEMENT_3D ( 'NONE', #1167, #146, #2085 ) ;
#2967 = PERSON_AND_ORGANIZATION ( #1932, #84 ) ;
#2968 = DIRECTION ( 'NONE',  ( -0.000000000000000000, 1.000000000000000000, -0.000000000000000000 ) ) ;
#2969 = EDGE_CURVE ( 'NONE', #2579, #1732, #28, .T. ) ;
#2970 = CIRCLE ( 'NONE', #2555, 0.1270000000000001683 ) ;
#2971 = DIRECTION ( 'NONE',  ( 0.7516202776356779580, -0.6040523883867504606, 0.2649295572999149084 ) ) ;
#2972 = CARTESIAN_POINT ( 'NONE',  ( 4.435664857127147975, -4.362205121618939252, 2.390499695857254636 ) ) ;
#2973 = CARTESIAN_POINT ( 'NONE',  ( -4.125000000000003553, -6.199999999999997513, -7.144709581221615480 ) ) ;
#2974 = TOROIDAL_SURFACE ( 'NONE', #854, 1.028196236133927410, 1.587499999999999911 ) ;
#2975 = ORIENTED_EDGE ( 'NONE', *, *, #133, .T. ) ;
#2976 = CARTESIAN_POINT ( 'NONE',  ( -4.832990002382458350, -4.642691222595560774, 1.481794149196746346 ) ) ;
#2977 = DIRECTION ( 'NONE',  ( -0.4999999999999919509, 0.000000000000000000, -0.8660254037844431485 ) ) ;
#2978 = DIRECTION ( 'NONE',  ( 0.000000000000000000, 0.000000000000000000, 1.000000000000000000 ) ) ;
#2979 = DIRECTION ( 'NONE',  ( 0.1463744119827479484, -0.6040523883867517929, -0.7833870330819661110 ) ) ;
#2980 = EDGE_LOOP ( 'NONE', ( #1101, #725 ) ) ;
#2981 = ORIENTED_EDGE ( 'NONE', *, *, #1867, .F. ) ;
#2982 = CARTESIAN_POINT ( 'NONE',  ( 0.000000000000000000, 6.199999999999997513, 2.000000000000000000 ) ) ;
#2983 = VERTEX_POINT ( 'NONE', #2365 ) ;
#2984 = DIRECTION ( 'NONE',  ( 0.000000000000000000, 0.000000000000000000, 1.000000000000000000 ) ) ;
#2985 = CARTESIAN_POINT ( 'NONE',  ( 4.536772048991546846, -4.344321890730971525, 2.100876744274007280 ) ) ;
#2986 = FACE_OUTER_BOUND ( 'NONE', #2477, .T. ) ;
#2987 = ADVANCED_FACE ( 'NONE', ( #410 ), #921, .F. ) ;
#2988 = FACE_BOUND ( 'NONE', #169, .T. ) ;
#2989 = CARTESIAN_POINT ( 'NONE',  ( 4.125000000000000000, -6.199999999999997513, 7.144709581221616368 ) ) ;
#2990 = CARTESIAN_POINT ( 'NONE',  ( -6.088418039731270603, -6.069939759036143911, 3.054550617466518680 ) ) ;
#2991 = DIRECTION ( 'NONE',  ( 0.000000000000000000, 0.000000000000000000, -1.000000000000000000 ) ) ;
#2992 = EDGE_LOOP ( 'NONE', ( #967, #1883, #2193, #3069 ) ) ;
#2993 =( BOUNDED_SURFACE ( )  B_SPLINE_SURFACE ( 3, 2, ( 
 ( #2173, #1939, #2430 ),
 ( #543, #2234, #1229 ),
 ( #2003, #11, #992 ),
 ( #2920, #127, #1105 ) ),
 .UNSPECIFIED., .F., .F., .T. ) 
 B_SPLINE_SURFACE_WITH_KNOTS ( ( 4, 4 ),
 ( 3, 3 ),
 ( 4.712388980384689674, 5.122441061416345143 ),
 ( 0.000000000000000000, 1.000000000000000000 ),
 .UNSPECIFIED. ) 
 GEOMETRIC_REPRESENTATION_ITEM ( )  RATIONAL_B_SPLINE_SURFACE ( (
 ( 1.000000000000000000, 1.000000000000000000, 1.000000000000000000),
 ( 1.000000000000000000, 1.000066934504329152, 1.000000000000000000),
 ( 1.000000000000000000, 0.9927474967024956243, 1.000000000000000000),
 ( 1.000000000000000000, 0.9799327174561900389, 1.000000000000000000) ) ) 
 REPRESENTATION_ITEM ( '' )  SURFACE ( )  );
#2994 = EDGE_CURVE ( 'NONE', #1848, #1162, #2111, .T. ) ;
#2995 = ORIENTED_EDGE ( 'NONE', *, *, #2027, .T. ) ;
#2996 = PERSON_AND_ORGANIZATION_ROLE ( 'creator' ) ;
#2997 = DIRECTION ( 'NONE',  ( 0.000000000000000000, 1.000000000000000000, 0.000000000000000000 ) ) ;
#2998 = CARTESIAN_POINT ( 'NONE',  ( -5.017534683176119614, -4.999999999999999112, 2.896874999999953904 ) ) ;
#2999 = CARTESIAN_POINT ( 'NONE',  ( 4.565703260625677551, -4.400427058685830062, 2.124933176117144384 ) ) ;
#3000 = CARTESIAN_POINT ( 'NONE',  ( -3.252782370320920435, -4.872999999999998444, 3.797289408424044499 ) ) ;
#3001 = CIRCLE ( 'NONE', #775, 5.000000000000000888 ) ;
#3002 = CARTESIAN_POINT ( 'NONE',  ( 0.000000000000000000, -6.069939759036144800, -5.793750000000001066 ) ) ;
#3003 = DIRECTION ( 'NONE',  ( 0.000000000000000000, 0.000000000000000000, 1.000000000000000000 ) ) ;
#3004 = AXIS2_PLACEMENT_3D ( 'NONE', #2824, #1166, #651 ) ;
#3005 = DIRECTION ( 'NONE',  ( -0.000000000000000000, 1.000000000000000000, -0.000000000000000000 ) ) ;
#3006 = AXIS2_PLACEMENT_3D ( 'NONE', #1020, #1225, #1983 ) ;
#3007 = DIRECTION ( 'NONE',  ( 0.000000000000000000, -1.000000000000000000, 0.000000000000000000 ) ) ;
#3008 = VERTEX_POINT ( 'NONE', #2126 ) ;
#3009 = ADVANCED_FACE ( 'NONE', ( #1858 ), #2974, .T. ) ;
#3010 = EDGE_LOOP ( 'NONE', ( #1160, #874, #2939, #2928 ) ) ;
#3011 = COORDINATED_UNIVERSAL_TIME_OFFSET ( 6, 0, .BEHIND. ) ;
#3012 = AXIS2_PLACEMENT_3D ( 'NONE', #141, #2968, #1767 ) ;
#3013 = CARTESIAN_POINT ( 'NONE',  ( 0.000000000000000000, -5.126999999999999780, 0.000000000000000000 ) ) ;
#3014 = CARTESIAN_POINT ( 'NONE',  ( -6.391499023299480948E-15, -5.987500000000001599, -2.325577457403330499E-15 ) ) ;
#3015 = CARTESIAN_POINT ( 'NONE',  ( 4.706984004738892224, -4.430047276752477892, 1.686533519555565297 ) ) ;
#3016 = AXIS2_PLACEMENT_3D ( 'NONE', #2014, #2979, #812 ) ;
#3017 = CARTESIAN_POINT ( 'NONE',  ( 0.000000000000000000, 6.199999999999997513, 5.000000000000000888 ) ) ;
#3018 = VECTOR ( 'NONE', #2839, 1000.000000000000000 ) ;
#3019 = DIRECTION ( 'NONE',  ( -0.8660254037844432595, -0.000000000000000000, 0.4999999999999919509 ) ) ;
#3020 = FACE_OUTER_BOUND ( 'NONE', #1870, .T. ) ;
#3021 = AXIS2_PLACEMENT_3D ( 'NONE', #173, #620, #426 ) ;
#3022 = DIRECTION ( 'NONE',  ( 0.000000000000000000, 0.000000000000000000, 1.000000000000000000 ) ) ;
#3023 = ORIENTED_EDGE ( 'NONE', *, *, #863, .T. ) ;
#3024 = ADVANCED_FACE ( 'NONE', ( #1872 ), #798, .F. ) ;
#3025 = VERTEX_POINT ( 'NONE', #2083 ) ;
#3026 = CARTESIAN_POINT ( 'NONE',  ( -5.000001052764252663, -4.971993016631443219, 1.010572231489097472 ) ) ;
#3027 = ORIENTED_EDGE ( 'NONE', *, *, #2574, .T. ) ;
#3028 = CARTESIAN_POINT ( 'NONE',  ( -3.765357203345692243E-15, -5.987500000000001599, -5.983859621686528054E-15 ) ) ;
#3029 = CARTESIAN_POINT ( 'NONE',  ( 4.172454963671954786, -4.284785939778416264, 2.759183930059371903 ) ) ;
#3030 = DIRECTION ( 'NONE',  ( 1.000000000000000000, 0.000000000000000000, -1.224646799147353207E-16 ) ) ;
#3031 = CARTESIAN_POINT ( 'NONE',  ( -4.867720728583462275, -4.744110833560773344, 1.195625645270595783 ) ) ;
#3032 = DIRECTION ( 'NONE',  ( -8.881784197001252323E-16, 0.000000000000000000, 1.000000000000000000 ) ) ;
#3033 = CARTESIAN_POINT ( 'NONE',  ( 0.000000000000000000, -4.050000000000004263, 4.750000000000000888 ) ) ;
#3034 = CARTESIAN_POINT ( 'NONE',  ( 0.05588331596014686070, -6.199999999999997513, 1.232439155467949909 ) ) ;
#3035 = EDGE_LOOP ( 'NONE', ( #2692, #1305 ) ) ;
#3036 = VERTEX_POINT ( 'NONE', #1841 ) ;
#3037 = EDGE_CURVE ( 'NONE', #1824, #1586, #2067, .T. ) ;
#3038 = CARTESIAN_POINT ( 'NONE',  ( -5.216979977173178185, -6.069939759036143911, 2.551425617466528628 ) ) ;
#3039 = ORIENTED_EDGE ( 'NONE', *, *, #2366, .T. ) ;
#3040 = DIRECTION ( 'NONE',  ( 0.000000000000000000, 1.000000000000000000, 0.000000000000000000 ) ) ;
#3041 = ADVANCED_FACE ( 'NONE', ( #2822 ), #70, .F. ) ;
#3042 = CARTESIAN_POINT ( 'NONE',  ( 5.017534683176079646, -4.612499999999997158, 2.896875000000024514 ) ) ;
#3043 = EDGE_CURVE ( 'NONE', #1680, #2222, #3068, .T. ) ;
#3044 = LINE ( 'NONE', #1094, #496 ) ;
#3045 = DIRECTION ( 'NONE',  ( -0.5000000000000017764, 0.000000000000000000, 0.8660254037844374864 ) ) ;
#3046 = DIRECTION ( 'NONE',  ( -0.000000000000000000, 1.000000000000000000, -0.000000000000000000 ) ) ;
#3047 = CIRCLE ( 'NONE', #2391, 2.500000000000000000 ) ;
#3048 = DIRECTION ( 'NONE',  ( 1.000000000000000000, 0.000000000000000000, 0.000000000000000000 ) ) ;
#3049 = ORIENTED_EDGE ( 'NONE', *, *, #2387, .F. ) ;
#3050 = VECTOR ( 'NONE', #1802, 1000.000000000000000 ) ;
#3051 = AXIS2_PLACEMENT_3D ( 'NONE', #2896, #55, #2460 ) ;
#3052 = VERTEX_POINT ( 'NONE', #990 ) ;
#3053 = ORIENTED_EDGE ( 'NONE', *, *, #2737, .F. ) ;
#3054 = CARTESIAN_POINT ( 'NONE',  ( 4.025949200682413576, -4.501110461252965322, 3.169491155416759742 ) ) ;
#3055 = AXIS2_PLACEMENT_3D ( 'NONE', #237, #58, #1261 ) ;
#3056 = FACE_BOUND ( 'NONE', #2155, .T. ) ;
#3057 = ORIENTED_EDGE ( 'NONE', *, *, #1249, .T. ) ;
#3058 = EDGE_CURVE ( 'NONE', #2115, #1308, #1963, .T. ) ;
#3059 = CARTESIAN_POINT ( 'NONE',  ( 0.000000000000000000, -6.072999999999996845, 0.000000000000000000 ) ) ;
#3060 = VECTOR ( 'NONE', #2582, 1000.000000000000000 ) ;
#3061 = DIRECTION ( 'NONE',  ( 0.7594578816848062131, 0.000000000000000000, 0.6505564740641869292 ) ) ;
#3062 = DIRECTION ( 'NONE',  ( -0.8660254037844363761, 0.000000000000000000, -0.5000000000000041078 ) ) ;
#3063 = CARTESIAN_POINT ( 'NONE',  ( -4.125000000000003553, -6.199999999999997513, -7.144709581221615480 ) ) ;
#3064 = AXIS2_PLACEMENT_3D ( 'NONE', #2305, #1028, #808 ) ;
#3065 = CARTESIAN_POINT ( 'NONE',  ( 0.3295130492383707699, -6.091956768130607713, 0.7097221157245088285 ) ) ;
#3066 = EDGE_LOOP ( 'NONE', ( #847, #2661, #2481, #2759 ) ) ;
#3067 = CIRCLE ( 'NONE', #890, 0.1269999999999999463 ) ;
#3068 = CIRCLE ( 'NONE', #183, 2.499999999999999556 ) ;
#3069 = ORIENTED_EDGE ( 'NONE', *, *, #2679, .F. ) ;
#3070 = CARTESIAN_POINT ( 'NONE',  ( 4.124999999999992895, -4.999999999999999112, -7.144709581221620809 ) ) ;
#3071 = EDGE_LOOP ( 'NONE', ( #1791, #2892, #187, #1600 ) ) ;
#3072 = CARTESIAN_POINT ( 'NONE',  ( 2.149255132503603448E-16, 6.199999999999997513, 1.509999999999997788 ) ) ;
#3073 = DIRECTION ( 'NONE',  ( 0.000000000000000000, 0.000000000000000000, -1.000000000000000000 ) ) ;
#3074 = CARTESIAN_POINT ( 'NONE',  ( 0.000000000000000000, -4.050000000000004263, 0.000000000000000000 ) ) ;
#3075 = FACE_OUTER_BOUND ( 'NONE', #538, .T. ) ;
#3076 = DIRECTION ( 'NONE',  ( 0.000000000000000000, 0.000000000000000000, 1.000000000000000000 ) ) ;
#3077 = EDGE_CURVE ( 'NONE', #906, #934, #959, .T. ) ;
#3078 = DIRECTION ( 'NONE',  ( -0.000000000000000000, 1.000000000000000000, -0.000000000000000000 ) ) ;
#3079 = CARTESIAN_POINT ( 'NONE',  ( -3.907201377034861700, -4.378131658572840479, 3.123238093549662420 ) ) ;
#3080 = ORIENTED_EDGE ( 'NONE', *, *, #250, .T. ) ;
#3081 = ORIENTED_EDGE ( 'NONE', *, *, #1918, .F. ) ;
#3082 = ADVANCED_FACE ( 'NONE', ( #2867 ), #1007, .T. ) ;
#3083 = DIRECTION ( 'NONE',  ( 0.000000000000000000, 0.000000000000000000, 1.000000000000000000 ) ) ;
#3084 = EDGE_LOOP ( 'NONE', ( #2393, #465, #1400, #2509, #3127 ) ) ;
#3085 = CARTESIAN_POINT ( 'NONE',  ( 5.017534683176079646, -4.872999999999998444, 2.896875000000024514 ) ) ;
#3086 = DIRECTION ( 'NONE',  ( 0.000000000000000000, 0.000000000000000000, -1.000000000000000000 ) ) ;
#3087 = DIRECTION ( 'NONE',  ( 0.000000000000000000, 0.000000000000000000, 1.000000000000000000 ) ) ;
#3088 = DIRECTION ( 'NONE',  ( -1.000000000000000000, 0.000000000000000000, 0.000000000000000000 ) ) ;
#3089 = CARTESIAN_POINT ( 'NONE',  ( -4.337518263539628549, -4.399971067957156201, 2.674198838154195457 ) ) ;
#3090 = ORIENTED_EDGE ( 'NONE', *, *, #2049, .T. ) ;
#3091 = AXIS2_PLACEMENT_3D ( 'NONE', #2130, #2622, #147 ) ;
#3092 = AXIS2_PLACEMENT_3D ( 'NONE', #1118, #2301, #2082 ) ;
#3093 = EDGE_CURVE ( 'NONE', #1162, #2278, #1714, .T. ) ;
#3094 = VERTEX_POINT ( 'NONE', #1704 ) ;
#3095 = AXIS2_PLACEMENT_3D ( 'NONE', #2104, #136, #1112 ) ;
#3096 = AXIS2_PLACEMENT_3D ( 'NONE', #1461, #37, #3143 ) ;
#3097 = CARTESIAN_POINT ( 'NONE',  ( 1.028196236133927410, -6.199999999999997513, -5.793750000000001066 ) ) ;
#3098 = ORIENTED_EDGE ( 'NONE', *, *, #702, .F. ) ;
#3099 = AXIS2_PLACEMENT_3D ( 'NONE', #722, #743, #2723 ) ;
#3100 = DIRECTION ( 'NONE',  ( 0.000000000000000000, 0.000000000000000000, 1.000000000000000000 ) ) ;
#3101 = CARTESIAN_POINT ( 'NONE',  ( 1.174890426597628768, -4.534951460628482423, -4.868474426262192623 ) ) ;
#3102 = UNCERTAINTY_MEASURE_WITH_UNIT (LENGTH_MEASURE( 1.000000000000000082E-05 ), #3133, 'distance_accuracy_value', 'NONE');
#3103 =( BOUNDED_SURFACE ( )  B_SPLINE_SURFACE ( 3, 2, ( 
 ( #1615, #1082, #1583 ),
 ( #2796, #2324, #3065 ),
 ( #3034, #356, #2772 ),
 ( #2545, #343, #2042 ),
 ( #373, #872, #2576 ),
 ( #1599, #2561, #390 ) ),
 .UNSPECIFIED., .F., .F., .T. ) 
 B_SPLINE_SURFACE_WITH_KNOTS ( ( 4, 2, 4 ),
 ( 3, 3 ),
 ( 0.003184795078787286404, 0.003348229451606596178, 0.003511663824425905519 ),
 ( 0.000000000000000000, 1.000000000000000000 ),
 .UNSPECIFIED. ) 
 GEOMETRIC_REPRESENTATION_ITEM ( )  RATIONAL_B_SPLINE_SURFACE ( (
 ( 1.000000000000000000, 0.9793039081804426615, 1.000000000000000000),
 ( 1.000000000000000000, 0.9828780523807166825, 1.000000000000000000),
 ( 1.000000000000000000, 0.9851084141135291183, 1.000000000000000000),
 ( 1.000000000000000000, 0.9851245458609809713, 1.000000000000000000),
 ( 1.000000000000000000, 0.9829185237441031564, 1.000000000000000000),
 ( 1.000000000000000000, 0.9793039081805432478, 1.000000000000000000) ) ) 
 REPRESENTATION_ITEM ( '' )  SURFACE ( )  );
#3104 = SPHERICAL_SURFACE ( 'NONE', #2798, 0.1270000000000000018 ) ;
#3105 = CARTESIAN_POINT ( 'NONE',  ( 4.959603125828774495, -4.791421755063401733, 1.246691432944373679 ) ) ;
#3106 = SPHERICAL_SURFACE ( 'NONE', #1032, 2.593749999999996447 ) ;
#3107 = EDGE_LOOP ( 'NONE', ( #2048, #2300, #794, #2774, #1320 ) ) ;
#3108 = CARTESIAN_POINT ( 'NONE',  ( 3.908229641997753578, -4.377679833239492169, 3.121917664205474452 ) ) ;
#3109 = CARTESIAN_POINT ( 'NONE',  ( -4.038931668074837944, -4.425696882770105312, 3.010806015552729864 ) ) ;
#3110 = VERTEX_POINT ( 'NONE', #1682 ) ;
#3111 = AXIS2_PLACEMENT_3D ( 'NONE', #2322, #1861, #3045 ) ;
#3112 = CIRCLE ( 'NONE', #2660, 0.1269999999999996132 ) ;
#3113 = VERTEX_POINT ( 'NONE', #42 ) ;
#3114 = EDGE_CURVE ( 'NONE', #256, #1996, #1763, .T. ) ;
#3115 = CARTESIAN_POINT ( 'NONE',  ( -0.7293127363643875372, -6.200000000000115641, -0.6777855580729721385 ) ) ;
#3116 = ORIENTED_EDGE ( 'NONE', *, *, #1827, .T. ) ;
#3117 = DIRECTION ( 'NONE',  ( 1.000000000000000000, 0.000000000000000000, 0.000000000000000000 ) ) ;
#3118 = FACE_OUTER_BOUND ( 'NONE', #2238, .T. ) ;
#3119 = DIRECTION ( 'NONE',  ( -0.8660254037844362651, 0.000000000000000000, -0.5000000000000039968 ) ) ;
#3120 = DIRECTION ( 'NONE',  ( 0.000000000000000000, 0.000000000000000000, 1.000000000000000000 ) ) ;
#3121 = DIRECTION ( 'NONE',  ( -0.8660254037844464792, 9.329434396557203358E-15, 0.4999999999999864553 ) ) ;
#3122 = CARTESIAN_POINT ( 'NONE',  ( 3.630501837405523347, -4.533791141050095952, 3.449863557505064460 ) ) ;
#3123 = CARTESIAN_POINT ( 'NONE',  ( 3.655286979363433719, -4.730173236071257392, 3.572689277629086391 ) ) ;
#3124 = CARTESIAN_POINT ( 'NONE',  ( -3.928242396891145294, -4.440854998503027673, 3.116589175077474572 ) ) ;
#3125 = CARTESIAN_POINT ( 'NONE',  ( -5.017534683176119614, -6.069939759036143911, 2.896874999999953904 ) ) ;
#3126 = CIRCLE ( 'NONE', #1212, 0.1269999999999999463 ) ;
#3127 = ORIENTED_EDGE ( 'NONE', *, *, #1617, .T. ) ;
#3128 = ORIENTED_EDGE ( 'NONE', *, *, #2256, .F. ) ;
#3129 = CARTESIAN_POINT ( 'NONE',  ( 4.209157978689533013E-17, -5.987500000000001599, -7.290475476174111055E-17 ) ) ;
#3130 = ORIENTED_EDGE ( 'NONE', *, *, #1034, .F. ) ;
#3131 = EDGE_CURVE ( 'NONE', #916, #552, #2918, .T. ) ;
#3132 = CARTESIAN_POINT ( 'NONE',  ( -5.039779761448065720, -4.872999999999998444, 0.9416734869892506854 ) ) ;
#3133 =( LENGTH_UNIT ( ) NAMED_UNIT ( * ) SI_UNIT ( .MILLI., .METRE. ) );
#3134 = CARTESIAN_POINT ( 'NONE',  ( 5.039779761448052398, -4.872999999999998444, 0.9416734869893208515 ) ) ;
#3135 = EDGE_CURVE ( 'NONE', #1604, #137, #251, .T. ) ;
#3136 = CARTESIAN_POINT ( 'NONE',  ( 1.527397707000971816E-11, -4.273000000000000576, -5.000000000000000888 ) ) ;
#3137 = FACE_OUTER_BOUND ( 'NONE', #2637, .T. ) ;
#3138 = CARTESIAN_POINT ( 'NONE',  ( 0.000000000000000000, -5.126999999999999780, 11.37299999999995492 ) ) ;
#3139 = ADVANCED_FACE ( 'NONE', ( #3118 ), #2879, .F. ) ;
#3140 = CARTESIAN_POINT ( 'NONE',  ( 4.018988152365081667, -4.401940068251888327, 2.999321859744393137 ) ) ;
#3141 = CARTESIAN_POINT ( 'NONE',  ( -4.366035838509573885, -4.399970665657403579, 2.691836758231022309 ) ) ;
#3142 = ORIENTED_EDGE ( 'NONE', *, *, #2830, .T. ) ;
#3143 = DIRECTION ( 'NONE',  ( -0.7064085813077881637, -0.7078042923398514263, 0.000000000000000000 ) ) ;
ENDSEC;
END-ISO-10303-21;
